userid	timestamp
1521335	2016-05-23T22:31:32Z
1521335	2016-05-23T22:30:30Z
1808194	2016-05-23T21:53:35Z
0	2016-05-23T21:51:40Z
4358889	2016-05-22T19:04:39Z
0	2016-05-22T17:03:30Z
23376809	2016-05-17T23:11:40Z
14370884	2016-05-16T04:33:25Z
0	2016-05-16T04:30:01Z
0	2016-05-15T11:15:59Z
0	2016-05-15T11:13:50Z
24257907	2016-05-13T15:08:35Z
1808194	2016-05-12T14:53:39Z
28316963	2016-05-12T14:27:26Z
25180159	2016-05-11T11:37:43Z
0	2016-05-11T01:00:41Z
204692	2016-05-05T02:52:59Z
14604687	2016-05-01T17:51:07Z
9929111	2016-04-27T17:14:57Z
0	2016-04-27T17:14:36Z
13286072	2016-04-27T17:13:32Z
0	2016-04-27T17:13:25Z
3174456	2016-04-26T06:21:38Z
0	2016-04-26T06:20:39Z
3174456	2016-04-26T06:19:52Z
0	2016-04-26T06:19:43Z
1215485	2016-04-22T11:57:15Z
245620	2016-04-20T04:45:23Z
7611264	2016-04-20T02:11:40Z
0	2016-04-20T00:11:14Z
27501867	2016-04-15T13:16:59Z
27991762	2016-04-03T09:29:51Z
27991762	2016-04-03T09:26:23Z
27991762	2016-04-03T09:22:08Z
27991762	2016-04-03T09:18:38Z
27991762	2016-04-03T08:45:48Z
0	2016-03-31T20:23:10Z
236191	2016-03-31T14:20:20Z
252261	2016-03-28T00:25:43Z
13286072	2016-03-27T21:46:34Z
0	2016-03-27T21:46:26Z
1808194	2016-03-27T16:46:00Z
0	2016-03-27T15:12:31Z
0	2016-03-20T22:24:54Z
15561127	2016-03-16T14:45:31Z
15561127	2016-03-15T15:53:07Z
15561127	2016-03-15T15:50:00Z
15561127	2016-03-15T15:49:03Z
15561127	2016-03-15T15:46:44Z
15561127	2016-03-15T15:36:12Z
15561127	2016-03-15T15:26:36Z
1808194	2016-03-14T21:15:55Z
1808194	2016-03-12T22:10:58Z
0	2016-03-12T20:19:18Z
19089174	2016-03-09T22:21:26Z
19089174	2016-03-09T22:20:12Z
13286072	2016-03-01T06:10:36Z
27712134	2016-03-01T06:10:27Z
27712134	2016-03-01T06:06:06Z
14385212	2016-02-28T19:31:16Z
8240947	2016-02-28T18:54:21Z
245620	2016-02-14T23:57:47Z
27573094	2016-02-14T06:24:18Z
245620	2016-02-11T23:33:09Z
1441427	2016-02-11T18:04:32Z
14385212	2016-01-23T16:37:29Z
1808194	2016-01-23T03:18:10Z
1808194	2016-01-21T19:55:32Z
19853006	2016-01-21T19:03:26Z
245620	2016-01-12T16:37:51Z
0	2016-01-12T14:18:47Z
7094824	2016-01-02T18:48:47Z
428795	2015-12-31T16:50:09Z
1808194	2015-12-22T13:35:18Z
0	2015-12-22T11:45:58Z
11137213	2015-12-07T16:22:56Z
359256	2015-12-07T16:18:18Z
19853006	2015-12-07T16:16:54Z
7436027	2015-12-07T09:30:18Z
1808194	2015-12-05T04:18:02Z
0	2015-12-05T02:55:55Z
10728040	2015-11-29T22:32:59Z
0	2015-11-29T22:12:24Z
7852030	2015-11-14T12:01:01Z
0	2015-11-14T11:52:42Z
13286072	2015-11-14T11:52:08Z
0	2015-11-14T11:52:01Z
10083842	2015-11-07T20:21:04Z
512560	2015-11-05T11:45:35Z
0	2015-11-05T11:15:49Z
22604547	2015-11-02T00:09:07Z
14604687	2015-10-25T07:54:49Z
1808194	2015-10-24T04:49:52Z
0	2015-10-24T03:24:40Z
0	2015-10-17T23:09:49Z
14508071	2015-10-15T05:04:32Z
0	2015-10-14T12:06:59Z
1808194	2015-10-13T21:02:33Z
1808194	2015-10-13T21:00:37Z
1808194	2015-10-07T00:54:44Z
7218119	2015-10-05T23:55:17Z
7218119	2015-10-05T23:43:00Z
13286072	2015-10-05T21:08:57Z
0	2015-10-05T21:08:49Z
7218119	2015-10-05T18:41:54Z
1808194	2015-10-05T15:47:30Z
7218119	2015-10-05T05:35:40Z
1264145	2015-10-02T19:25:52Z
1808194	2015-09-18T20:58:04Z
0	2015-09-18T18:57:22Z
0	2015-09-18T18:54:04Z
16217448	2015-09-18T18:28:19Z
16217448	2015-09-18T17:33:39Z
0	2015-09-18T15:58:32Z
24812038	2015-09-06T03:14:49Z
22229518	2015-09-06T03:14:27Z
1808194	2015-09-05T22:01:07Z
26181848	2015-09-05T14:17:18Z
14604687	2015-08-25T12:19:25Z
1808194	2015-08-25T03:39:53Z
0	2015-08-25T03:25:26Z
1310918	2015-08-24T23:26:24Z
25907358	2015-08-11T06:09:36Z
14137584	2015-08-10T22:42:40Z
14137584	2015-08-10T22:41:51Z
346667	2015-08-07T18:31:30Z
8372629	2015-07-03T20:30:09Z
1521335	2015-06-24T16:51:27Z
1521335	2015-06-24T16:50:30Z
245620	2015-06-24T01:24:38Z
0	2015-06-24T01:18:38Z
1808194	2015-06-22T21:30:22Z
0	2015-06-22T20:53:55Z
11620066	2015-06-22T18:41:11Z
0	2015-06-22T17:42:32Z
1808194	2015-06-22T03:48:39Z
0	2015-06-22T01:40:40Z
11620066	2015-06-21T08:41:42Z
0	2015-06-20T23:47:03Z
24420788	2015-06-20T23:26:24Z
9676078	2015-06-20T22:38:33Z
0	2015-06-20T22:38:15Z
506179	2015-06-19T16:47:49Z
0	2015-06-19T16:46:22Z
0	2015-06-17T13:11:14Z
0	2015-06-17T13:08:40Z
1808194	2015-06-16T23:47:46Z
0	2015-06-16T22:42:07Z
0	2015-06-16T22:05:49Z
0	2015-06-16T22:01:20Z
0	2015-06-14T20:34:49Z
11620066	2015-06-13T09:48:40Z
0	2015-06-13T08:51:30Z
0	2015-06-07T07:10:29Z
0	2015-06-07T06:45:33Z
0	2015-06-07T06:45:00Z
0	2015-06-07T06:44:03Z
1808194	2015-06-05T14:35:16Z
25368801	2015-06-05T06:32:12Z
196446	2015-06-04T20:28:57Z
0	2015-06-03T19:34:26Z
1808194	2015-06-03T18:51:03Z
0	2015-06-03T18:40:35Z
0	2015-06-03T09:30:42Z
1808194	2015-05-31T20:47:03Z
0	2015-05-31T20:24:04Z
0	2015-05-24T12:11:14Z
2255043	2015-05-18T04:48:31Z
7627388	2015-05-17T14:08:36Z
25208083	2015-05-17T13:57:09Z
15330743	2015-05-16T01:10:04Z
245620	2015-05-06T10:45:41Z
0	2015-05-06T04:48:12Z
245620	2015-05-01T14:33:37Z
17560900	2015-05-01T14:11:39Z
17560900	2015-05-01T14:11:08Z
1808194	2015-04-29T03:58:10Z
24747162	2015-04-29T03:35:46Z
219819	2015-04-29T02:22:56Z
24747162	2015-04-29T02:18:27Z
359256	2015-04-28T18:46:10Z
1808194	2015-04-27T14:41:20Z
9086	2015-04-27T10:31:05Z
0	2015-04-26T09:49:21Z
0	2015-04-26T09:48:24Z
0	2015-04-23T15:54:42Z
16443295	2015-04-20T15:36:13Z
16443295	2015-04-20T15:23:50Z
1808194	2015-04-20T15:15:54Z
0	2015-04-20T00:34:17Z
0	2015-04-20T00:29:18Z
0	2015-04-18T20:04:48Z
1808194	2015-04-17T21:08:15Z
5195920	2015-04-17T20:13:27Z
1808194	2015-04-17T17:35:13Z
1808194	2015-04-17T01:13:29Z
0	2015-04-16T23:47:46Z
0	2015-04-15T13:11:06Z
0	2015-04-12T10:42:50Z
0	2015-04-12T04:57:50Z
245620	2015-04-10T03:23:48Z
0	2015-04-10T03:00:35Z
1808194	2015-04-08T04:09:55Z
1808194	2015-04-08T03:29:40Z
359256	2015-04-07T18:26:19Z
9703281	2015-04-07T02:10:42Z
0	2015-04-07T02:08:48Z
0	2015-04-07T02:07:26Z
359256	2015-04-06T18:19:27Z
5718152	2015-04-04T18:36:20Z
21267238	2015-04-02T21:23:06Z
1992122	2015-03-29T04:44:30Z
245620	2015-03-16T14:10:39Z
0	2015-03-16T13:36:08Z
15009266	2015-02-23T13:47:27Z
0	2015-02-21T23:06:21Z
7801357	2015-02-16T01:02:41Z
245620	2015-02-11T16:15:10Z
2304267	2015-02-11T15:19:12Z
24086318	2015-02-11T14:13:31Z
24086318	2015-02-11T14:11:00Z
4709	2015-02-06T15:23:07Z
4709	2015-02-06T15:22:17Z
0	2015-02-03T16:40:12Z
359256	2015-01-31T17:13:49Z
4358889	2015-01-31T15:38:41Z
23322590	2015-01-31T12:14:03Z
1808194	2015-01-11T00:51:21Z
23745058	2015-01-10T23:44:19Z
0	2015-01-10T18:47:23Z
16752040	2015-01-01T15:07:10Z
245620	2014-12-29T10:31:00Z
0	2014-12-29T08:15:56Z
0	2014-12-27T21:52:05Z
8989485	2014-12-15T11:02:19Z
23494532	2014-12-15T10:08:27Z
1808194	2014-12-10T00:25:08Z
1808194	2014-12-10T00:04:22Z
7183365	2014-12-09T21:51:23Z
0	2014-11-29T02:58:11Z
1808194	2014-11-15T05:46:33Z
245620	2014-11-14T23:33:43Z
0	2014-11-14T16:26:11Z
1808194	2014-11-12T21:43:41Z
0	2014-11-12T21:39:18Z
1808194	2014-11-12T15:33:08Z
14855375	2014-11-12T08:20:58Z
1808194	2014-11-12T05:49:59Z
1808194	2014-11-12T05:48:50Z
245620	2014-11-11T14:27:03Z
0	2014-11-11T13:40:21Z
245620	2014-11-01T23:55:38Z
0	2014-11-01T23:39:04Z
0	2014-10-31T18:51:40Z
359256	2014-10-31T17:42:56Z
10053876	2014-10-25T05:34:34Z
0	2014-10-11T00:22:10Z
1776566	2014-09-29T05:09:57Z
21328080	2014-09-28T05:21:39Z
0	2014-09-28T05:20:34Z
0	2014-09-27T18:44:38Z
11620066	2014-09-23T15:48:11Z
19926389	2014-09-23T14:37:33Z
245620	2014-09-20T21:57:09Z
15996738	2014-09-20T21:54:31Z
14844121	2014-09-20T17:18:56Z
22594710	2014-09-20T04:03:47Z
295821	2014-09-19T22:21:47Z
0	2014-09-19T14:54:10Z
0	2014-09-05T11:26:11Z
245620	2014-08-27T01:10:51Z
0	2014-08-27T01:06:07Z
13286072	2014-08-20T09:04:24Z
0	2014-08-20T09:04:14Z
0	2014-08-19T08:01:04Z
245620	2014-08-12T14:15:47Z
0	2014-08-12T13:48:45Z
0	2014-08-11T16:27:31Z
0	2014-08-06T22:14:24Z
13286072	2014-08-06T22:10:28Z
0	2014-08-06T22:10:18Z
1808194	2014-08-04T23:14:27Z
0	2014-08-04T14:48:04Z
1808194	2014-08-02T17:47:10Z
1808194	2014-08-02T17:41:31Z
1808194	2014-08-02T17:24:07Z
0	2014-07-31T23:41:21Z
0	2014-07-29T16:26:20Z
0	2014-07-29T16:25:15Z
16495000	2014-07-29T06:07:39Z
13517172	2014-07-27T11:43:23Z
0	2014-07-27T11:42:38Z
13286072	2014-07-26T22:26:00Z
21928539	2014-07-26T22:25:39Z
4898300	2014-07-23T07:41:22Z
1499324	2014-07-18T17:36:56Z
245620	2014-07-16T12:40:11Z
0	2014-07-16T07:19:50Z
13990635	2014-07-15T16:13:24Z
0	2014-07-15T16:05:32Z
0	2014-07-14T16:45:37Z
11620066	2014-07-12T07:20:13Z
0	2014-07-12T04:56:53Z
245620	2014-07-11T21:00:05Z
245620	2014-07-11T20:58:55Z
13990635	2014-07-11T13:10:21Z
0	2014-07-11T00:10:47Z
0	2014-07-03T19:43:47Z
1826966	2014-07-03T05:54:52Z
1826966	2014-07-03T05:51:50Z
0	2014-07-01T04:03:37Z
2424494	2014-06-30T03:13:17Z
2424494	2014-06-30T02:44:34Z
2424494	2014-06-30T02:38:55Z
18543285	2014-06-23T03:58:04Z
0	2014-06-23T03:41:07Z
13286072	2014-06-23T01:31:00Z
0	2014-06-23T01:30:52Z
4358889	2014-06-22T14:21:57Z
0	2014-06-22T13:13:45Z
6272330	2014-06-19T05:26:15Z
11620066	2014-06-16T18:35:48Z
0	2014-06-16T17:15:21Z
0	2014-06-16T15:11:55Z
245620	2014-06-13T23:23:43Z
1808194	2014-06-13T14:40:13Z
373051	2014-06-13T13:52:56Z
0	2014-06-12T23:24:28Z
245620	2014-06-07T21:19:11Z
0	2014-06-07T20:32:20Z
0	2014-06-07T20:31:33Z
0	2014-06-07T20:29:31Z
0	2014-06-07T20:28:17Z
245620	2014-06-07T13:46:09Z
0	2014-06-05T17:11:58Z
5822798	2014-06-04T19:11:58Z
2092270	2014-06-04T18:18:50Z
8511321	2014-05-29T04:21:08Z
1826966	2014-05-28T16:28:49Z
12965382	2014-05-23T23:08:37Z
8834	2014-05-22T06:05:11Z
16636788	2014-05-20T22:12:37Z
8989485	2014-05-20T15:30:34Z
0	2014-05-16T10:12:17Z
0	2014-05-16T09:36:52Z
9755426	2014-05-12T04:59:08Z
17419796	2014-05-11T13:43:14Z
736651	2014-05-09T15:46:46Z
0	2014-05-09T13:07:25Z
0	2014-05-06T21:52:46Z
0	2014-05-05T22:53:01Z
4358889	2014-05-05T19:08:07Z
0	2014-05-05T15:47:48Z
85019	2014-04-29T13:48:51Z
17458465	2014-04-29T13:20:28Z
0	2014-04-29T12:48:01Z
13286072	2014-04-27T04:22:27Z
0	2014-04-27T04:22:20Z
824270	2014-04-26T13:57:58Z
2943446	2014-04-25T09:59:48Z
10628389	2014-04-18T17:13:53Z
5195920	2014-04-17T15:57:24Z
5195920	2014-04-17T15:52:24Z
0	2014-04-15T13:07:04Z
0	2014-04-15T06:05:58Z
2629691	2014-04-13T21:11:04Z
15996738	2014-04-12T01:59:18Z
17215350	2014-04-09T18:22:56Z
17215350	2014-04-09T18:08:26Z
0	2014-04-06T23:45:51Z
574532	2014-04-04T09:46:41Z
0	2014-04-02T09:33:10Z
91088	2014-03-27T20:11:15Z
1862829	2014-03-26T07:25:44Z
0	2014-03-25T04:08:41Z
0	2014-03-24T15:33:37Z
21040352	2014-03-24T00:30:41Z
372507	2014-03-23T06:51:24Z
323105	2014-03-21T08:15:36Z
0	2014-03-20T23:31:57Z
0	2014-03-20T20:12:49Z
7611264	2014-03-20T13:56:19Z
0	2014-03-20T11:55:27Z
0	2014-03-19T04:40:04Z
0	2014-03-19T03:29:36Z
11620066	2014-03-17T19:46:02Z
0	2014-03-17T19:16:44Z
0	2014-03-17T18:58:10Z
0	2014-03-17T02:39:53Z
20991527	2014-03-16T23:13:02Z
20991527	2014-03-16T23:04:53Z
0	2014-03-16T22:53:33Z
0	2014-03-16T22:48:45Z
93143	2014-03-15T10:04:03Z
363188	2014-03-13T19:53:29Z
363188	2014-03-13T19:49:59Z
979894	2014-03-08T19:45:16Z
979894	2014-03-08T19:19:59Z
0	2014-03-07T23:01:09Z
7226930	2014-03-06T22:52:58Z
7226930	2014-03-06T22:48:46Z
0	2014-03-03T16:50:23Z
0	2014-03-03T05:37:10Z
276549	2014-03-03T02:18:40Z
0	2014-03-01T13:18:01Z
4358889	2014-02-28T01:18:17Z
0	2014-02-28T00:41:02Z
0	2014-02-18T16:59:22Z
0	2014-02-17T16:56:17Z
11801436	2014-02-17T16:42:49Z
0	2014-02-17T16:42:26Z
16461863	2014-02-10T15:41:03Z
14882394	2014-02-03T22:19:26Z
0	2014-02-03T22:19:16Z
13286072	2014-02-03T22:18:46Z
0	2014-02-03T22:18:38Z
0	2014-02-01T17:46:46Z
0	2014-01-31T20:07:46Z
4358889	2014-01-31T01:35:49Z
0	2014-01-31T01:05:01Z
14890160	2014-01-28T17:28:57Z
264323	2014-01-28T00:25:44Z
20654549	2014-01-27T13:46:09Z
0	2014-01-27T13:43:40Z
824270	2014-01-25T21:21:24Z
0	2014-01-25T21:00:24Z
0	2014-01-24T21:21:15Z
6468168	2014-01-16T23:46:11Z
10289486	2014-01-09T11:47:22Z
4358889	2014-01-07T21:19:57Z
0	2014-01-07T21:13:27Z
0	2014-01-07T20:58:15Z
0	2014-01-07T20:56:35Z
0	2014-01-07T20:52:56Z
0	2014-01-07T20:50:36Z
85019	2013-12-23T17:39:53Z
0	2013-12-13T23:55:55Z
14987724	2013-12-12T04:22:35Z
14987724	2013-12-12T04:21:43Z
12824384	2013-12-12T02:27:52Z
0	2013-12-12T01:33:34Z
14855375	2013-12-10T21:04:29Z
0	2013-12-09T04:50:12Z
1808194	2013-11-19T23:59:29Z
0	2013-11-13T11:00:07Z
1236474	2013-11-01T11:19:25Z
17175611	2013-10-30T21:15:21Z
0	2013-10-30T21:15:06Z
17175611	2013-10-30T21:06:00Z
0	2013-10-30T21:05:22Z
13286072	2013-10-30T08:37:38Z
0	2013-10-30T08:37:31Z
0	2013-10-22T02:18:58Z
0	2013-10-22T02:02:24Z
0	2013-10-22T01:58:09Z
0	2013-10-21T19:49:14Z
0	2013-10-21T19:44:15Z
19926389	2013-10-16T14:35:08Z
4358889	2013-10-12T14:11:18Z
0	2013-10-12T12:07:50Z
14855375	2013-10-07T00:06:03Z
19869469	2013-10-06T06:14:30Z
0	2013-10-04T11:08:47Z
0	2013-09-30T13:36:44Z
0	2013-09-29T23:46:51Z
0	2013-09-16T04:31:26Z
993542	2013-09-16T02:57:50Z
0	2013-09-14T14:10:51Z
0	2013-09-05T09:13:54Z
0	2013-09-05T08:23:06Z
0	2013-08-28T19:35:50Z
8511321	2013-08-16T16:12:19Z
0	2013-08-16T08:29:36Z
0	2013-08-08T09:01:33Z
7328338	2013-08-01T05:51:19Z
8511321	2013-07-30T23:47:25Z
8511321	2013-07-28T16:54:45Z
1766566	2013-07-28T00:37:59Z
19417484	2013-07-27T21:11:51Z
7304691	2013-07-26T13:01:59Z
0	2013-07-26T12:36:17Z
0	2013-07-26T12:33:29Z
0	2013-07-26T11:08:34Z
0	2013-07-26T11:02:56Z
0	2013-07-25T17:23:44Z
0	2013-07-23T21:21:20Z
0	2013-07-22T18:54:00Z
0	2013-07-22T18:52:49Z
2943446	2013-07-12T07:40:09Z
0	2013-07-10T19:17:26Z
17498259	2013-07-05T21:00:29Z
0	2013-07-04T17:53:52Z
2036751	2013-07-03T03:33:49Z
2327713	2013-06-30T23:03:04Z
4949483	2013-06-30T15:50:56Z
17498038	2013-06-29T11:25:18Z
2327713	2013-06-21T20:18:44Z
0	2013-06-21T18:16:20Z
19216379	2013-06-20T16:36:29Z
19135543	2013-06-19T11:35:54Z
0	2013-06-18T23:31:58Z
2943446	2013-06-18T10:05:00Z
0	2013-06-18T09:45:26Z
0	2013-06-17T22:41:13Z
12493580	2013-06-09T20:12:55Z
0	2013-06-09T20:12:38Z
0	2013-06-09T20:11:39Z
0	2013-06-09T20:10:37Z
0	2013-06-09T20:06:26Z
0	2013-06-08T11:23:30Z
28381	2013-06-08T01:37:14Z
18241343	2013-06-06T20:51:10Z
0	2013-06-06T20:30:25Z
0	2013-06-06T20:29:24Z
0	2013-06-06T20:26:48Z
13233044	2013-06-06T20:19:38Z
0	2013-06-06T20:18:21Z
0	2013-06-06T20:16:23Z
0	2013-06-06T20:10:08Z
0	2013-06-05T12:45:08Z
0	2013-06-05T12:06:03Z
1593681	2013-06-03T20:26:39Z
710296	2013-06-03T20:24:09Z
4358889	2013-06-03T17:38:27Z
0	2013-06-03T17:13:47Z
0	2013-06-03T15:52:35Z
0	2013-05-31T21:08:45Z
1593681	2013-05-31T16:47:24Z
2943446	2013-05-30T10:44:05Z
0	2013-05-29T06:59:59Z
4358889	2013-05-25T04:43:06Z
18099710	2013-05-25T04:32:43Z
18099710	2013-05-25T04:31:34Z
0	2013-05-23T22:00:33Z
555772	2013-05-23T09:53:11Z
16191428	2013-05-23T06:29:58Z
15899029	2013-05-20T13:04:24Z
0	2013-05-19T10:18:51Z
0	2013-05-10T23:50:51Z
4358889	2013-05-08T02:26:51Z
1593792	2013-05-08T00:33:58Z
4358889	2013-05-07T23:55:25Z
1416331	2013-05-07T22:10:07Z
415892	2013-05-07T08:21:12Z
0	2013-05-06T23:19:41Z
877242	2013-05-03T20:56:31Z
1120051	2013-05-02T01:15:03Z
10866529	2013-05-01T17:15:26Z
18938288	2013-05-01T16:34:51Z
563447	2013-04-30T19:25:05Z
0	2013-04-30T19:24:10Z
563447	2013-04-30T19:22:05Z
0	2013-04-30T19:21:22Z
0	2013-04-30T19:19:19Z
0	2013-04-30T19:17:31Z
2943446	2013-04-30T14:48:09Z
524140	2013-04-26T06:11:57Z
415892	2013-04-25T17:01:49Z
0	2013-04-25T16:16:53Z
0	2013-04-25T13:45:02Z
18879396	2013-04-22T19:27:51Z
0	2013-04-21T17:42:11Z
0	2013-04-16T02:40:46Z
4175835	2013-04-12T20:27:29Z
0	2013-04-12T20:27:03Z
4175835	2013-04-12T20:11:13Z
0	2013-04-12T20:10:53Z
933359	2013-04-12T20:09:32Z
0	2013-04-12T20:07:31Z
10543549	2013-04-12T19:17:57Z
18435649	2013-04-08T17:56:23Z
0	2013-04-06T17:42:31Z
18376805	2013-04-06T11:25:00Z
0	2013-04-03T01:03:32Z
4362376	2013-04-01T22:11:27Z
18663209	2013-04-01T17:09:52Z
10270361	2013-04-01T00:09:20Z
1994682	2013-03-31T23:35:19Z
359256	2013-03-29T09:40:31Z
2943446	2013-03-28T11:08:14Z
91088	2013-03-25T20:45:23Z
0	2013-03-25T11:28:58Z
0	2013-03-25T11:24:02Z
0	2013-03-25T11:16:53Z
170135	2013-03-24T06:21:18Z
93622	2013-03-23T13:42:58Z
0	2013-03-23T04:53:07Z
7611264	2013-03-22T23:10:52Z
93622	2013-03-22T22:49:34Z
2943446	2013-03-22T12:02:59Z
0	2013-03-17T16:43:01Z
0	2013-03-12T08:01:20Z
322475	2013-03-07T03:52:15Z
322475	2013-03-07T03:49:15Z
0	2013-03-04T05:00:42Z
2943446	2013-02-25T13:01:47Z
7304691	2013-02-24T19:16:24Z
0	2013-02-24T10:11:59Z
0	2013-02-24T05:13:03Z
0	2013-02-24T04:48:51Z
0	2013-02-19T22:25:31Z
0	2013-02-19T22:24:10Z
6569922	2013-02-19T16:06:32Z
2943446	2013-02-18T16:19:42Z
7218119	2013-02-18T05:47:51Z
0	2013-02-18T00:26:44Z
4358889	2013-02-16T14:53:25Z
0	2013-02-16T14:26:34Z
0	2013-02-16T01:28:20Z
0	2013-02-15T10:37:07Z
2943446	2013-02-07T08:13:33Z
0	2013-02-06T20:55:10Z
6441698	2013-01-31T23:40:29Z
6441698	2013-01-31T23:25:38Z
738959	2013-01-29T20:12:37Z
738959	2013-01-29T19:57:55Z
1887641	2013-01-28T02:40:20Z
1887641	2013-01-28T02:39:35Z
1887641	2013-01-28T02:38:30Z
1862829	2013-01-27T22:34:17Z
8066546	2013-01-27T10:17:55Z
0	2013-01-25T22:38:18Z
359256	2013-01-23T20:58:54Z
359256	2013-01-23T16:29:12Z
2943446	2013-01-23T12:28:12Z
122305	2013-01-22T23:08:14Z
122305	2013-01-22T23:05:57Z
122305	2013-01-22T23:02:21Z
122305	2013-01-22T22:56:59Z
2943446	2013-01-21T12:01:29Z
1298255	2013-01-21T09:35:19Z
4358889	2013-01-17T14:54:31Z
0	2013-01-17T07:12:39Z
0	2013-01-17T07:09:13Z
0	2013-01-16T09:02:47Z
8066546	2013-01-15T23:58:00Z
11292982	2013-01-14T03:34:42Z
0	2013-01-13T16:55:13Z
2943446	2013-01-09T09:54:30Z
194203	2012-12-29T11:33:20Z
1862829	2012-12-28T16:43:24Z
0	2012-12-27T16:35:40Z
0	2012-12-27T09:13:43Z
11737418	2012-12-19T23:38:16Z
0	2012-12-19T23:36:23Z
71061	2012-12-13T17:32:49Z
15973009	2012-12-11T06:24:04Z
0	2012-12-10T23:33:52Z
7530352	2012-12-10T06:49:42Z
0	2012-12-06T19:16:48Z
0	2012-12-05T03:47:53Z
4045345	2012-12-03T21:12:15Z
0	2012-11-30T20:13:32Z
0	2012-11-25T21:08:05Z
0	2012-11-24T11:52:06Z
0	2012-11-21T10:54:32Z
7359834	2012-11-20T17:58:29Z
6338762	2012-11-19T13:50:37Z
0	2012-11-19T12:41:13Z
11020855	2012-11-08T00:45:00Z
2943446	2012-11-05T11:40:23Z
2943446	2012-11-05T11:12:52Z
2943446	2012-11-05T09:57:56Z
12436584	2012-10-31T21:03:20Z
0	2012-10-31T19:41:19Z
16902756	2012-10-30T23:30:28Z
8066546	2012-10-30T11:29:54Z
4358889	2012-10-30T03:03:22Z
4358889	2012-10-30T01:39:16Z
0	2012-10-30T01:12:23Z
4358889	2012-10-16T01:32:17Z
0	2012-10-16T01:07:46Z
0	2012-10-15T20:05:22Z
16255965	2012-10-13T05:51:53Z
0	2012-10-13T05:08:05Z
0	2012-10-09T21:15:47Z
2943446	2012-10-09T13:14:27Z
7183365	2012-09-22T06:53:19Z
4358889	2012-09-15T16:09:06Z
0	2012-09-15T15:36:48Z
0	2012-09-13T19:31:40Z
5406562	2012-09-12T17:51:50Z
2943446	2012-09-03T08:45:02Z
0	2012-08-28T05:30:52Z
363188	2012-08-27T00:57:12Z
0	2012-08-26T10:43:30Z
313438	2012-08-23T20:32:37Z
13286072	2012-08-22T06:58:09Z
16885989	2012-08-22T06:57:52Z
3596390	2012-08-20T03:54:32Z
12247082	2012-08-20T01:52:50Z
363188	2012-08-16T18:38:50Z
0	2012-08-16T02:04:12Z
11344024	2012-08-13T11:51:41Z
11185701	2012-08-13T11:35:02Z
0	2012-08-13T10:55:58Z
0	2012-08-13T10:48:36Z
0	2012-08-13T10:47:25Z
0	2012-08-13T10:46:34Z
613181	2012-08-12T19:12:50Z
2943446	2012-08-12T11:57:24Z
2943446	2012-08-12T10:44:53Z
0	2012-08-07T07:36:26Z
0	2012-08-07T06:23:41Z
13286072	2012-08-05T18:50:08Z
0	2012-08-05T18:49:51Z
0	2012-08-01T22:18:29Z
0	2012-07-28T17:40:00Z
3408702	2012-07-27T15:39:57Z
640429	2012-07-25T11:25:57Z
640429	2012-07-25T11:24:02Z
640429	2012-07-25T11:22:13Z
2943446	2012-07-25T08:29:56Z
0	2012-07-23T22:31:42Z
2943446	2012-07-22T15:58:32Z
2943446	2012-07-19T17:19:08Z
0	2012-07-17T19:29:54Z
0	2012-07-16T23:55:41Z
2943446	2012-07-14T19:08:42Z
2943446	2012-07-14T12:32:49Z
2943446	2012-07-14T11:25:49Z
11185701	2012-07-14T07:21:03Z
11185701	2012-07-14T07:04:15Z
11185701	2012-07-14T07:00:37Z
11185701	2012-07-14T06:59:34Z
11185701	2012-07-14T06:50:30Z
11185701	2012-07-14T06:38:48Z
11185701	2012-07-14T06:30:49Z
0	2012-07-13T23:46:11Z
11185701	2012-07-12T13:31:04Z
11185701	2012-07-12T12:38:15Z
0	2012-07-11T18:49:36Z
11185701	2012-07-11T12:30:34Z
11185701	2012-07-11T12:29:55Z
11185701	2012-07-11T12:29:04Z
11185701	2012-07-11T12:25:03Z
11185701	2012-07-11T12:21:41Z
11185701	2012-07-11T12:03:29Z
0	2012-07-11T04:51:07Z
4589092	2012-07-11T00:47:32Z
2943446	2012-07-07T10:57:00Z
11185701	2012-07-05T08:15:36Z
11185701	2012-07-05T07:12:42Z
11185701	2012-07-05T07:08:26Z
11185701	2012-07-05T06:55:57Z
2943446	2012-06-29T08:23:17Z
2943446	2012-06-29T08:18:09Z
2943446	2012-06-29T07:21:02Z
17074498	2012-06-29T00:08:03Z
0	2012-06-28T00:50:38Z
0	2012-06-28T00:49:14Z
0	2012-06-25T14:05:57Z
0	2012-06-18T17:23:40Z
2943446	2012-06-18T08:11:37Z
0	2012-06-17T19:37:17Z
6294859	2012-06-15T19:41:53Z
6294859	2012-06-15T16:45:30Z
0	2012-06-15T16:19:06Z
9021902	2012-06-15T12:38:29Z
2943446	2012-06-13T12:13:46Z
2943446	2012-06-13T12:12:22Z
7611264	2012-06-13T10:02:53Z
0	2012-06-13T09:42:33Z
0	2012-06-09T21:49:52Z
2943446	2012-06-08T12:45:05Z
2943446	2012-06-08T09:34:59Z
2943446	2012-06-08T07:20:21Z
16957653	2012-06-07T23:12:39Z
0	2012-06-07T21:43:59Z
0	2012-06-04T03:20:04Z
15973009	2012-06-03T03:56:32Z
0	2012-06-03T00:22:11Z
6294859	2012-06-02T22:36:08Z
0	2012-06-02T20:00:14Z
2943446	2012-06-02T08:13:08Z
0	2012-05-30T23:42:55Z
0	2012-05-30T23:41:53Z
13843878	2012-05-30T12:48:11Z
0	2012-05-30T12:31:12Z
925588	2012-05-28T20:38:04Z
925588	2012-05-28T20:27:15Z
0	2012-05-28T11:26:04Z
0	2012-05-27T15:47:06Z
4358889	2012-05-27T14:05:02Z
0	2012-05-27T06:21:59Z
0	2012-05-27T00:53:27Z
0	2012-05-26T21:25:55Z
0	2012-05-26T21:25:07Z
7325046	2012-05-26T17:55:08Z
4358889	2012-05-25T20:38:27Z
0	2012-05-25T19:59:39Z
0	2012-05-25T17:11:05Z
6294859	2012-05-25T15:22:21Z
2156218	2012-05-25T03:31:43Z
359256	2012-05-23T21:59:30Z
0	2012-05-23T20:26:42Z
0	2012-05-23T16:22:49Z
0	2012-05-23T16:21:57Z
15973009	2012-05-22T02:19:28Z
0	2012-05-22T02:15:18Z
0	2012-05-22T02:13:37Z
2659539	2012-05-21T18:28:36Z
14561324	2012-05-20T16:47:54Z
16842287	2012-05-18T16:08:17Z
0	2012-05-15T06:36:50Z
1152308	2012-05-14T05:51:24Z
0	2012-05-12T04:12:43Z
0	2012-05-11T12:45:26Z
0	2012-05-10T14:03:14Z
16755011	2012-05-08T17:28:20Z
2943446	2012-05-07T09:40:36Z
7903804	2012-05-07T08:44:29Z
2943446	2012-05-05T17:47:02Z
15041510	2012-05-05T17:05:27Z
2943446	2012-05-05T08:49:28Z
2943446	2012-05-05T08:28:30Z
2943446	2012-05-04T15:45:07Z
56403	2012-05-02T20:10:39Z
0	2012-05-01T21:12:08Z
8222692	2012-05-01T09:28:31Z
16744790	2012-05-01T09:19:55Z
0	2012-04-29T10:26:06Z
0	2012-04-27T04:12:21Z
7320905	2012-04-25T22:20:06Z
0	2012-04-24T02:54:34Z
7411880	2012-04-24T02:40:30Z
0	2012-04-24T01:18:25Z
7411880	2012-04-24T00:42:33Z
7320905	2012-04-23T21:03:32Z
2943446	2012-04-20T18:01:25Z
12660432	2012-04-20T15:08:34Z
2943446	2012-04-20T07:57:27Z
2943446	2012-04-19T14:09:38Z
2943446	2012-04-19T14:03:40Z
6917606	2012-04-18T23:43:59Z
0	2012-04-17T15:15:00Z
0	2012-04-17T15:13:57Z
2943446	2012-04-17T12:40:14Z
2943446	2012-04-17T12:03:01Z
2943446	2012-04-16T07:38:27Z
13286072	2012-04-15T18:26:57Z
16651118	2012-04-15T18:26:39Z
0	2012-04-14T21:19:37Z
0	2012-04-14T02:44:33Z
2943446	2012-04-12T07:21:19Z
2943446	2012-04-11T16:39:40Z
2943446	2012-04-11T07:16:11Z
2943446	2012-04-11T06:50:57Z
0	2012-04-11T02:13:00Z
0	2012-04-10T23:33:08Z
7065346	2012-04-10T21:25:26Z
0	2012-04-09T20:45:55Z
13233044	2012-04-09T18:58:15Z
0	2012-04-09T18:56:08Z
15973009	2012-04-09T14:00:23Z
0	2012-04-09T13:46:42Z
0	2012-04-09T13:16:27Z
2943446	2012-04-09T10:14:15Z
1124632	2012-04-09T07:27:23Z
3012565	2012-04-09T03:15:44Z
2943446	2012-04-08T16:48:46Z
2943446	2012-04-08T15:36:33Z
2943446	2012-04-08T14:58:36Z
2943446	2012-04-08T13:19:02Z
2943446	2012-04-08T10:10:57Z
0	2012-04-08T06:31:45Z
2943446	2012-04-07T18:20:18Z
2943446	2012-04-07T16:23:55Z
2943446	2012-04-07T15:55:45Z
2943446	2012-04-07T15:09:07Z
7480926	2012-04-06T20:28:03Z
7480926	2012-04-06T19:59:41Z
2398297	2012-04-06T14:43:28Z
0	2012-04-06T01:24:49Z
0	2012-04-06T00:46:14Z
0	2012-04-06T00:44:34Z
0	2012-04-06T00:41:04Z
0	2012-04-06T00:40:18Z
0	2012-04-05T22:11:39Z
0	2012-04-05T13:33:18Z
2943446	2012-04-05T09:43:29Z
13233044	2012-04-04T20:47:44Z
2943446	2012-04-04T19:56:37Z
2943446	2012-04-04T15:35:34Z
2943446	2012-04-04T13:31:59Z
1434935	2012-04-04T06:20:11Z
2943446	2012-04-03T20:30:56Z
11292982	2012-04-03T19:23:55Z
2943446	2012-04-02T14:35:10Z
0	2012-04-02T13:48:50Z
0	2012-04-02T13:47:55Z
0	2012-04-02T08:19:21Z
2943446	2012-04-02T08:11:52Z
2943446	2012-04-02T07:28:17Z
0	2012-04-02T02:07:30Z
0	2012-04-02T01:32:09Z
0	2012-04-01T23:28:25Z
0	2012-04-01T23:25:04Z
0	2012-04-01T23:20:40Z
2943446	2012-04-01T17:34:38Z
2943446	2012-04-01T16:19:51Z
0	2012-04-01T14:58:22Z
2943446	2012-04-01T13:33:52Z
2943446	2012-04-01T11:32:39Z
2943446	2012-04-01T10:22:23Z
429625	2012-04-01T09:07:55Z
0	2012-03-31T18:40:58Z
0	2012-03-31T17:38:04Z
0	2012-03-31T17:35:24Z
0	2012-03-31T15:29:12Z
0	2012-03-31T01:44:41Z
0	2012-03-30T07:52:06Z
0	2012-03-29T23:03:57Z
2943446	2012-03-28T21:37:23Z
2943446	2012-03-27T11:32:45Z
16544685	2012-03-26T19:20:44Z
9892229	2012-03-26T13:24:03Z
2943446	2012-03-25T13:51:10Z
2943446	2012-03-24T18:26:06Z
735741	2012-03-23T20:36:16Z
11249983	2012-03-21T23:18:32Z
2943446	2012-03-21T13:55:07Z
2943446	2012-03-21T13:43:11Z
2943446	2012-03-20T13:36:03Z
2943446	2012-03-20T12:09:27Z
7328338	2012-03-19T20:55:53Z
7320905	2012-03-19T12:56:39Z
219215	2012-03-18T03:41:00Z
1067877	2012-03-17T00:46:05Z
0	2012-03-16T12:53:24Z
0	2012-03-16T11:53:05Z
0	2012-03-15T05:07:07Z
0	2012-03-14T22:48:56Z
13286072	2012-03-14T20:33:41Z
0	2012-03-14T20:33:27Z
15371854	2012-03-14T13:06:06Z
0	2012-03-11T16:00:29Z
0	2012-03-11T15:32:27Z
2943446	2012-03-10T19:06:35Z
11292982	2012-03-10T14:14:47Z
7328338	2012-03-09T10:55:50Z
0	2012-03-09T01:56:37Z
2943446	2012-03-08T12:29:11Z
0	2012-03-08T06:24:35Z
0	2012-03-08T06:11:40Z
0	2012-03-08T00:50:45Z
0	2012-03-08T00:49:54Z
0	2012-03-07T03:28:32Z
0	2012-03-07T03:27:20Z
204692	2012-03-06T23:49:35Z
0	2012-03-06T19:09:56Z
2943446	2012-03-06T14:39:53Z
452185	2012-03-06T12:30:50Z
2943446	2012-03-05T08:02:43Z
2943446	2012-03-04T18:06:49Z
2943446	2012-03-04T16:44:42Z
2943446	2012-03-04T14:12:26Z
2943446	2012-03-04T13:56:09Z
2943446	2012-03-04T11:16:41Z
2943446	2012-03-04T08:58:30Z
0	2012-03-03T23:19:05Z
11836433	2012-03-03T22:39:35Z
11969601	2012-03-03T21:37:08Z
14392651	2012-03-01T23:54:22Z
0	2012-03-01T18:27:22Z
0	2012-03-01T17:52:26Z
16061675	2012-03-01T08:51:47Z
16061675	2012-03-01T08:50:47Z
2943446	2012-02-28T21:39:28Z
2943446	2012-02-28T21:14:03Z
7611264	2012-02-28T11:24:40Z
2943446	2012-02-28T11:03:55Z
13176174	2012-02-28T06:55:51Z
13848841	2012-02-27T23:33:39Z
2943446	2012-02-27T16:51:28Z
0	2012-02-27T16:21:18Z
2943446	2012-02-27T12:06:18Z
2943446	2012-02-27T10:11:52Z
2943446	2012-02-27T09:52:57Z
2943446	2012-02-27T09:38:34Z
2943446	2012-02-27T09:21:48Z
0	2012-02-25T23:21:23Z
0	2012-02-25T22:12:43Z
2943446	2012-02-25T19:00:03Z
2943446	2012-02-24T11:54:50Z
2943446	2012-02-24T09:40:36Z
3248527	2012-02-23T23:40:13Z
2943446	2012-02-22T21:37:39Z
2943446	2012-02-22T09:09:32Z
0	2012-02-21T23:30:01Z
0	2012-02-21T12:01:54Z
2943446	2012-02-21T11:32:20Z
13848841	2012-02-21T02:52:36Z
2943446	2012-02-20T17:16:07Z
2943446	2012-02-20T16:08:55Z
0	2012-02-20T15:40:04Z
0	2012-02-20T15:36:44Z
2943446	2012-02-20T08:58:07Z
2943446	2012-02-20T08:55:25Z
0	2012-02-19T23:22:03Z
2943446	2012-02-19T16:55:33Z
2943446	2012-02-19T15:09:13Z
0	2012-02-19T14:55:21Z
13286072	2012-02-18T18:20:37Z
0	2012-02-18T18:20:22Z
2943446	2012-02-18T18:07:26Z
2943446	2012-02-18T16:07:47Z
2943446	2012-02-18T13:51:30Z
359256	2012-02-17T18:09:11Z
359256	2012-02-17T18:00:12Z
359256	2012-02-17T17:55:07Z
359256	2012-02-17T17:50:16Z
359256	2012-02-17T17:46:28Z
0	2012-02-16T22:35:07Z
0	2012-02-16T21:45:22Z
0	2012-02-16T06:12:01Z
2943446	2012-02-14T15:52:35Z
2943446	2012-02-14T15:03:15Z
2943446	2012-02-14T13:13:05Z
2943446	2012-02-13T18:45:17Z
2943446	2012-02-13T18:07:25Z
2943446	2012-02-13T18:02:01Z
2943446	2012-02-13T17:22:09Z
2943446	2012-02-13T12:58:08Z
2943446	2012-02-13T09:04:05Z
0	2012-02-13T06:03:12Z
0	2012-02-13T05:55:46Z
0	2012-02-12T22:51:51Z
0	2012-02-12T22:47:03Z
0	2012-02-12T22:42:16Z
6277327	2012-02-12T20:39:42Z
359256	2012-02-12T19:32:08Z
2943446	2012-02-12T16:58:29Z
2943446	2012-02-12T13:40:27Z
2943446	2012-02-12T13:00:14Z
2943446	2012-02-12T09:55:58Z
2943446	2012-02-11T17:00:27Z
0	2012-02-11T00:49:22Z
16272291	2012-02-10T22:41:05Z
2943446	2012-02-10T19:00:37Z
2943446	2012-02-10T14:30:22Z
2943446	2012-02-10T12:49:18Z
0	2012-02-10T01:14:32Z
2943446	2012-02-09T18:32:47Z
2943446	2012-02-09T12:52:50Z
9612106	2012-02-08T20:42:01Z
2943446	2012-02-08T13:15:25Z
2943446	2012-02-08T07:45:33Z
0	2012-02-08T00:19:59Z
0	2012-02-07T23:54:30Z
853207	2012-02-07T16:52:55Z
853207	2012-02-07T16:51:34Z
7611264	2012-02-07T16:50:02Z
2943446	2012-02-07T16:30:51Z
2943446	2012-02-07T14:57:56Z
2943446	2012-02-07T09:23:01Z
0	2012-02-07T03:32:44Z
0	2012-02-07T03:19:59Z
2943446	2012-02-06T18:28:20Z
2943446	2012-02-06T14:02:59Z
2943446	2012-02-06T12:52:34Z
2943446	2012-02-06T10:24:48Z
2943446	2012-02-06T10:12:15Z
2943446	2012-02-06T09:34:50Z
2943446	2012-02-05T18:28:11Z
2943446	2012-02-05T16:55:38Z
2943446	2012-02-05T16:01:12Z
2943446	2012-02-05T15:24:48Z
2943446	2012-02-05T14:34:37Z
9892229	2012-02-05T14:16:01Z
2943446	2012-02-05T11:05:23Z
2943446	2012-02-05T10:10:22Z
2943446	2012-02-05T00:40:35Z
2943446	2012-02-05T00:34:38Z
0	2012-02-04T22:33:36Z
2943446	2012-02-04T19:21:20Z
2943446	2012-02-04T18:25:55Z
2943446	2012-02-04T18:04:08Z
2943446	2012-02-04T17:34:12Z
2943446	2012-02-04T16:46:51Z
2943446	2012-02-04T14:28:40Z
2943446	2012-02-04T13:30:53Z
2943446	2012-02-04T12:01:31Z
2943446	2012-02-04T11:09:59Z
0	2012-02-04T09:28:56Z
0	2012-02-04T09:21:31Z
0	2012-02-04T09:18:35Z
0	2012-02-04T09:09:47Z
0	2012-02-03T19:41:57Z
0	2012-02-03T19:40:09Z
0	2012-02-03T19:38:25Z
0	2012-02-03T19:37:04Z
0	2012-02-03T19:35:02Z
2943446	2012-02-03T14:06:32Z
7611264	2012-02-03T13:59:02Z
2943446	2012-02-03T13:40:41Z
0	2012-02-01T23:04:47Z
13659222	2012-02-01T02:53:51Z
15925713	2012-02-01T01:14:41Z
734297	2012-01-30T13:48:27Z
13659222	2012-01-28T18:52:40Z
0	2012-01-28T09:55:57Z
0	2012-01-28T09:53:28Z
0	2012-01-28T09:52:56Z
429625	2012-01-24T14:48:53Z
4358889	2012-01-24T14:32:55Z
0	2012-01-24T05:40:17Z
1593792	2012-01-23T17:18:46Z
0	2012-01-23T17:07:20Z
0	2012-01-23T17:05:15Z
0	2012-01-23T17:04:44Z
0	2012-01-23T17:03:17Z
0	2012-01-23T17:02:22Z
13659222	2012-01-22T01:11:37Z
9068113	2012-01-19T22:01:41Z
9056972	2012-01-17T17:43:46Z
0	2012-01-16T04:30:08Z
0	2012-01-12T13:52:01Z
0	2012-01-12T13:50:50Z
12422117	2012-01-09T16:56:08Z
11902418	2012-01-06T00:11:14Z
11902418	2012-01-06T00:07:59Z
0	2012-01-05T01:49:17Z
0	2011-12-28T21:26:36Z
0	2011-12-28T21:24:55Z
0	2011-12-26T20:09:19Z
0	2011-12-23T00:00:55Z
0	2011-12-22T21:03:50Z
0	2011-12-21T01:46:08Z
4628406	2011-12-19T03:19:30Z
0	2011-12-18T06:19:14Z
4625925	2011-12-13T23:02:44Z
0	2011-12-13T18:36:26Z
0	2011-12-12T14:39:25Z
0	2011-12-12T11:45:59Z
0	2011-12-07T17:30:15Z
2359527	2011-12-06T23:43:58Z
0	2011-12-06T23:43:14Z
8222692	2011-12-06T23:42:22Z
0	2011-12-06T23:41:46Z
0	2011-12-06T23:40:30Z
0	2011-12-06T16:44:09Z
194203	2011-12-05T07:26:52Z
194203	2011-12-05T07:26:35Z
194203	2011-12-05T07:26:19Z
0	2011-12-01T08:17:55Z
0	2011-12-01T00:48:16Z
2943446	2011-11-27T19:44:18Z
2943446	2011-11-27T19:34:49Z
2943446	2011-11-27T19:01:42Z
2943446	2011-11-27T18:47:57Z
1152308	2011-11-25T20:56:27Z
0	2011-11-25T18:40:13Z
0	2011-11-25T18:33:24Z
9021902	2011-11-23T00:17:36Z
4358889	2011-11-17T21:29:47Z
0	2011-11-17T19:37:43Z
0	2011-11-16T17:55:08Z
1495172	2011-11-10T19:06:50Z
0	2011-11-10T19:03:21Z
0	2011-11-09T17:43:15Z
0	2011-11-09T09:43:27Z
0	2011-11-07T06:26:35Z
14196545	2011-11-07T02:39:13Z
15654860	2011-11-03T11:26:43Z
0	2011-11-03T02:16:22Z
0	2011-11-02T07:33:21Z
0	2011-11-02T00:26:27Z
0	2011-11-01T18:34:29Z
0	2011-10-31T11:45:01Z
0	2011-10-28T23:06:21Z
0	2011-10-27T01:42:24Z
7168204	2011-10-25T21:07:20Z
7168204	2011-10-25T21:05:49Z
14204719	2011-10-22T16:17:43Z
0	2011-10-18T04:15:18Z
0	2011-10-17T04:54:39Z
82835	2011-10-14T17:33:33Z
118799	2011-10-14T04:52:07Z
118799	2011-10-14T04:51:47Z
0	2011-10-12T02:09:29Z
13585768	2011-10-11T08:21:09Z
0	2011-10-11T04:11:21Z
0	2011-10-06T13:56:39Z
359256	2011-10-01T14:59:37Z
11292982	2011-09-30T13:02:11Z
9021902	2011-09-30T09:21:10Z
6917606	2011-09-24T17:56:58Z
1593792	2011-09-20T00:22:33Z
6657615	2011-09-19T22:46:33Z
6657615	2011-09-19T21:54:52Z
0	2011-09-19T21:48:17Z
0	2011-09-19T21:43:50Z
0	2011-09-19T21:41:09Z
115776	2011-09-18T03:01:58Z
6657615	2011-09-17T09:17:24Z
87591	2011-09-17T08:47:21Z
0	2011-09-17T08:37:28Z
87591	2011-09-17T05:57:25Z
87591	2011-09-17T05:56:35Z
0	2011-09-17T04:27:36Z
87591	2011-09-17T04:02:03Z
0	2011-09-17T03:24:41Z
87591	2011-09-16T22:35:43Z
0	2011-09-16T21:10:57Z
6657615	2011-09-16T20:44:50Z
0	2011-09-16T20:32:15Z
1098639	2011-09-15T19:27:37Z
0	2011-09-15T19:15:16Z
282514	2011-09-13T16:05:43Z
0	2011-09-13T15:17:44Z
15118768	2011-09-08T14:16:27Z
1011889	2011-09-08T01:39:38Z
0	2011-09-08T01:25:21Z
6774658	2011-09-06T18:38:44Z
0	2011-09-06T18:33:57Z
1624485	2011-09-06T01:54:41Z
2353815	2011-09-06T01:35:23Z
2353815	2011-09-06T01:33:53Z
0	2011-09-05T07:28:03Z
4358889	2011-09-03T14:41:18Z
0	2011-09-03T09:06:12Z
0	2011-08-27T00:42:02Z
2943446	2011-08-26T11:21:39Z
14785433	2011-08-26T09:43:45Z
19877	2011-08-26T07:19:16Z
19877	2011-08-26T07:14:08Z
16710	2011-08-18T03:19:30Z
11555324	2011-08-16T23:24:15Z
11555324	2011-08-16T23:22:10Z
11555324	2011-08-16T23:21:00Z
203434	2011-08-16T20:48:25Z
359256	2011-08-13T12:53:55Z
301395	2011-08-13T02:21:12Z
0	2011-08-13T02:18:33Z
221276	2011-08-12T17:33:32Z
359256	2011-08-12T07:21:43Z
0	2011-08-11T22:34:59Z
7147835	2011-08-10T20:41:52Z
7320905	2011-08-08T22:42:50Z
0	2011-08-07T11:49:09Z
0	2011-08-06T11:45:20Z
0	2011-08-06T09:23:30Z
0	2011-08-05T17:43:19Z
0	2011-08-02T09:53:19Z
0	2011-08-02T03:32:02Z
7689126	2011-08-01T09:30:25Z
0	2011-08-01T08:38:41Z
0	2011-07-31T14:45:53Z
0	2011-07-29T16:45:27Z
0	2011-07-29T10:46:00Z
0	2011-07-29T10:13:13Z
5517884	2011-07-29T02:33:32Z
7301926	2011-07-28T23:14:50Z
0	2011-07-28T18:22:04Z
7689126	2011-07-28T14:25:52Z
7689126	2011-07-28T14:22:01Z
7689126	2011-07-28T14:16:55Z
14930398	2011-07-26T09:50:35Z
14930398	2011-07-26T09:49:45Z
0	2011-07-25T18:50:51Z
0	2011-07-25T18:31:58Z
0	2011-07-25T18:30:51Z
0	2011-07-25T18:29:39Z
0	2011-07-25T18:28:14Z
2943446	2011-07-25T17:43:15Z
4358889	2011-07-25T16:29:55Z
0	2011-07-25T15:25:13Z
0	2011-07-25T00:30:55Z
15005967	2011-07-24T20:53:38Z
12039949	2011-07-22T22:33:59Z
429625	2011-07-22T18:21:57Z
14993653	2011-07-22T18:18:32Z
0	2011-07-22T12:30:38Z
0	2011-07-22T12:25:48Z
0	2011-07-21T21:23:34Z
7328338	2011-07-21T16:34:31Z
271043	2011-07-21T00:56:24Z
0	2011-07-20T22:16:42Z
0	2011-07-20T01:24:31Z
0	2011-07-20T00:00:29Z
0	2011-07-19T15:11:54Z
0	2011-07-19T05:01:16Z
0	2011-07-18T22:44:50Z
0	2011-07-18T22:40:14Z
4358889	2011-07-18T01:31:57Z
0	2011-07-18T00:38:39Z
0	2011-07-17T23:55:43Z
0	2011-07-17T11:13:50Z
0	2011-07-17T11:11:41Z
0	2011-07-13T06:35:44Z
0	2011-07-13T01:29:07Z
0	2011-07-12T23:48:46Z
0	2011-07-12T22:15:10Z
1046455	2011-07-12T19:23:07Z
8423413	2011-07-12T17:43:25Z
1046455	2011-07-12T16:05:51Z
0	2011-07-12T15:38:12Z
0	2011-07-12T12:42:30Z
0	2011-07-12T03:34:37Z
3327483	2011-07-11T19:44:24Z
0	2011-07-11T13:56:56Z
0	2011-07-11T13:55:39Z
0	2011-07-11T13:54:38Z
1593792	2011-07-10T20:58:27Z
0	2011-07-10T20:34:29Z
359256	2011-07-10T05:26:39Z
0	2011-07-08T22:59:40Z
0	2011-07-08T15:52:53Z
1593792	2011-07-07T23:59:47Z
0	2011-07-07T23:32:49Z
3836508	2011-07-07T20:25:41Z
14903512	2011-07-07T14:38:49Z
14903512	2011-07-07T14:37:31Z
0	2011-07-07T11:22:10Z
0	2011-07-07T09:08:59Z
0	2011-07-06T22:21:53Z
0	2011-07-06T11:44:14Z
0	2011-07-06T06:36:38Z
0	2011-07-05T19:56:16Z
280787	2011-07-05T09:55:12Z
463669	2011-07-05T03:31:46Z
0	2011-07-04T06:54:18Z
14879065	2011-07-03T11:05:34Z
359256	2011-07-03T06:41:20Z
0	2011-07-01T10:12:53Z
4310825	2011-06-30T10:22:19Z
0	2011-06-30T00:56:13Z
0	2011-06-28T17:13:34Z
87348	2011-06-28T02:32:28Z
0	2011-06-28T02:17:25Z
0	2011-06-26T20:15:25Z
180470	2011-06-25T02:34:37Z
141011	2011-06-24T23:49:19Z
14825244	2011-06-23T22:18:17Z
0	2011-06-23T21:35:17Z
4358889	2011-06-23T21:09:31Z
0	2011-06-23T21:04:38Z
0	2011-06-22T07:53:28Z
0	2011-06-22T07:52:52Z
6657615	2011-06-22T07:02:22Z
0	2011-06-22T06:57:14Z
0	2011-06-21T12:48:18Z
0	2011-06-20T20:44:40Z
0	2011-06-20T20:41:29Z
0	2011-06-20T20:40:25Z
0	2011-06-20T20:39:27Z
4358889	2011-06-20T20:00:01Z
0	2011-06-20T19:03:06Z
0	2011-06-20T18:59:24Z
0	2011-06-20T03:32:47Z
6875001	2011-06-19T12:13:25Z
92694	2011-06-19T05:57:50Z
0	2011-06-18T15:09:24Z
0	2011-06-18T07:57:27Z
0	2011-06-17T21:07:19Z
4358889	2011-06-15T15:18:15Z
0	2011-06-15T13:34:10Z
0	2011-06-14T09:17:55Z
0	2011-06-13T20:52:22Z
11340674	2011-06-13T17:09:07Z
0	2011-06-13T13:47:35Z
4011740	2011-06-13T13:12:32Z
13843878	2011-06-11T07:58:28Z
14748432	2011-06-11T07:45:32Z
0	2011-06-10T11:42:31Z
0	2011-06-09T12:58:10Z
10996774	2011-06-07T19:53:20Z
6657615	2011-06-07T17:07:11Z
13286072	2011-06-07T16:58:59Z
0	2011-06-07T16:58:55Z
0	2011-06-07T05:59:57Z
359256	2011-06-05T21:22:38Z
433328	2011-06-05T21:09:09Z
359256	2011-06-05T21:03:08Z
3665254	2011-06-02T00:19:20Z
0	2011-06-02T00:14:29Z
0	2011-06-01T13:32:24Z
0	2011-05-31T06:09:07Z
0	2011-05-29T00:34:12Z
4358889	2011-05-28T22:07:15Z
597345	2011-05-28T21:08:18Z
0	2011-05-25T12:40:24Z
0	2011-05-23T03:10:00Z
602857	2011-05-21T23:34:41Z
1343284	2011-05-21T23:20:50Z
563447	2011-05-21T11:20:34Z
0	2011-05-21T10:45:53Z
0	2011-05-20T11:41:30Z
0	2011-05-19T19:40:29Z
4018737	2011-05-18T14:04:29Z
10996774	2011-05-18T10:21:48Z
0	2011-05-18T07:32:33Z
8066546	2011-05-17T23:00:52Z
1081894	2011-05-16T19:05:59Z
1593792	2011-05-16T16:52:30Z
0	2011-05-16T10:46:39Z
0	2011-05-12T23:54:20Z
0	2011-05-11T01:37:17Z
0	2011-05-10T19:00:17Z
0	2011-05-10T18:59:18Z
75230	2011-05-07T07:40:05Z
0	2011-05-07T07:20:18Z
5158509	2011-05-07T07:11:22Z
0	2011-05-07T01:12:23Z
0	2011-05-07T01:11:42Z
5158509	2011-05-06T03:58:32Z
5158509	2011-05-06T03:58:09Z
5158509	2011-05-06T03:54:54Z
5158509	2011-05-06T03:53:00Z
4999644	2011-05-05T22:14:10Z
4999644	2011-05-04T22:17:10Z
4999644	2011-05-04T21:51:10Z
0	2011-05-04T06:48:53Z
10087387	2011-05-02T17:40:09Z
0	2011-05-02T05:51:50Z
10087387	2011-04-29T12:58:25Z
0	2011-04-29T12:24:17Z
10087387	2011-04-28T19:39:06Z
0	2011-04-28T19:34:04Z
0	2011-04-28T13:15:32Z
0	2011-04-28T13:06:43Z
0	2011-04-28T13:05:17Z
0	2011-04-28T13:03:30Z
13181792	2011-04-28T04:25:34Z
4358889	2011-04-27T21:08:21Z
0	2011-04-27T20:10:53Z
0	2011-04-27T18:40:06Z
0	2011-04-27T14:52:19Z
1749684	2011-04-27T13:47:33Z
1588494	2011-04-27T13:45:51Z
0	2011-04-26T07:36:56Z
8334148	2011-04-26T02:42:49Z
0	2011-04-25T10:56:55Z
4358889	2011-04-24T15:44:57Z
0	2011-04-24T14:48:49Z
0	2011-04-23T14:05:44Z
14426994	2011-04-20T10:16:17Z
563447	2011-04-19T10:50:30Z
0	2011-04-19T03:04:32Z
0	2011-04-19T01:09:04Z
11292982	2011-04-18T15:43:17Z
13414372	2011-04-18T13:59:01Z
0	2011-04-18T10:30:18Z
138746	2011-04-18T02:15:06Z
9083504	2011-04-17T08:15:03Z
0	2011-04-16T21:11:36Z
0	2011-04-16T21:10:02Z
5406276	2011-04-16T20:27:36Z
0	2011-04-15T17:35:26Z
87591	2011-04-15T08:39:44Z
0	2011-04-15T08:34:40Z
5195920	2011-04-14T18:21:36Z
5195920	2011-04-14T18:16:29Z
0	2011-04-14T16:19:24Z
0	2011-04-14T12:42:16Z
0	2011-04-14T12:24:46Z
0	2011-04-14T12:21:39Z
0	2011-04-10T06:34:34Z
0	2011-04-09T19:03:12Z
0	2011-04-09T19:01:29Z
0	2011-04-08T22:12:40Z
0	2011-04-08T02:47:00Z
7390477	2011-04-02T18:43:37Z
10406968	2011-03-21T14:26:22Z
11380696	2011-03-20T09:50:11Z
1808194	2011-03-20T03:34:10Z
0	2011-03-20T02:15:47Z
6374305	2011-03-16T07:33:26Z
0	2011-03-16T06:26:52Z
4628406	2011-03-14T08:28:09Z
0	2011-03-11T07:48:03Z
0	2011-03-08T00:06:17Z
7328338	2011-03-06T09:21:08Z
210455	2011-03-05T22:11:39Z
8698327	2011-03-04T14:29:31Z
0	2011-03-04T14:25:33Z
0	2011-03-04T12:33:07Z
0	2011-03-04T12:31:46Z
224348	2011-03-04T06:12:40Z
14077852	2011-03-04T02:24:54Z
1098639	2011-03-03T18:57:03Z
0	2011-03-03T18:47:32Z
0	2011-03-03T18:44:19Z
3465420	2011-03-03T18:21:46Z
0	2011-03-03T18:02:05Z
0	2011-03-03T17:57:29Z
107635	2011-03-03T17:50:15Z
107635	2011-03-03T17:36:40Z
0	2011-03-03T17:30:53Z
0	2011-03-03T15:20:48Z
12163807	2011-02-28T19:26:29Z
597345	2011-02-25T17:18:39Z
13119561	2011-02-15T15:54:01Z
7328338	2011-02-12T16:47:54Z
6454287	2011-02-10T00:22:02Z
3327483	2011-02-04T16:49:16Z
4358889	2011-02-03T18:34:21Z
13075396	2011-02-03T17:21:10Z
0	2011-01-31T20:12:38Z
0	2011-01-31T04:38:15Z
7320905	2011-01-27T16:03:57Z
9544358	2011-01-27T15:53:41Z
0	2011-01-25T13:07:03Z
0	2011-01-25T13:05:52Z
5734580	2011-01-15T06:29:44Z
0	2011-01-15T06:27:24Z
597345	2011-01-13T17:28:44Z
12499444	2011-01-11T10:37:40Z
4358889	2011-01-11T01:17:19Z
2164608	2011-01-10T23:27:08Z
3412883	2011-01-06T22:36:40Z
6374305	2011-01-06T18:29:59Z
3412883	2011-01-06T15:06:20Z
577301	2011-01-06T15:00:06Z
0	2011-01-06T02:30:49Z
7328338	2010-12-24T01:39:39Z
12929566	2010-12-20T20:52:19Z
4358889	2010-12-16T22:55:08Z
0	2010-12-16T21:57:27Z
7328338	2010-12-12T10:19:48Z
4871029	2010-11-30T01:02:46Z
0	2010-11-30T01:01:28Z
0	2010-11-20T18:54:58Z
0	2010-11-10T00:15:04Z
1593792	2010-11-04T22:47:12Z
984429	2010-11-04T18:29:22Z
429625	2010-10-29T16:35:24Z
12723505	2010-10-29T16:31:17Z
10644856	2010-10-28T18:57:08Z
9021902	2010-10-23T03:53:27Z
12292932	2010-10-23T00:12:05Z
0	2010-10-23T00:11:59Z
12292932	2010-10-23T00:11:00Z
0	2010-10-23T00:10:55Z
8125541	2010-10-23T00:09:35Z
0	2010-10-23T00:09:29Z
12292932	2010-10-23T00:08:58Z
0	2010-10-23T00:08:49Z
13270105	2010-10-18T22:55:26Z
6163802	2010-10-18T14:44:22Z
0	2010-10-18T14:33:38Z
89336	2010-10-15T18:54:06Z
0	2010-10-12T02:04:31Z
4358889	2010-10-08T23:49:14Z
0	2010-10-08T23:25:57Z
13170751	2010-10-08T03:42:32Z
7737019	2010-10-07T14:55:02Z
5680311	2010-10-06T15:59:29Z
7737019	2010-10-06T08:57:01Z
7737019	2010-09-25T18:59:39Z
10996774	2010-09-25T09:04:19Z
0	2010-09-19T12:28:46Z
0	2010-09-17T17:00:54Z
6374305	2010-08-29T21:54:40Z
7737019	2010-08-29T16:49:07Z
9768394	2010-08-25T16:28:16Z
1808194	2010-08-25T01:29:11Z
0	2010-08-25T00:37:39Z
0	2010-08-25T00:36:26Z
1808194	2010-08-25T00:28:28Z
0	2010-08-24T23:42:07Z
19556	2010-08-21T08:43:42Z
1808194	2010-08-13T19:26:36Z
6657615	2010-08-09T14:04:09Z
0	2010-08-08T01:18:33Z
0	2010-08-08T01:14:19Z
6657615	2010-08-07T19:33:51Z
6657615	2010-08-07T19:28:55Z
7320905	2010-07-27T11:36:14Z
142435	2010-07-25T15:30:18Z
0	2010-07-24T20:27:59Z
597345	2010-07-21T14:18:29Z
0	2010-07-19T22:21:58Z
1679164	2010-07-18T16:25:42Z
0	2010-07-18T12:05:12Z
8769353	2010-07-07T23:39:52Z
8001475	2010-07-04T21:06:33Z
1011889	2010-06-27T13:48:57Z
86163	2010-06-27T03:53:32Z
5310681	2010-06-26T02:58:58Z
1011889	2010-06-25T20:19:58Z
1011889	2010-06-24T11:53:41Z
4440137	2010-06-21T23:35:21Z
4358889	2010-06-03T00:35:47Z
977984	2010-06-02T23:16:44Z
1721308	2010-05-31T03:44:10Z
203434	2010-05-22T08:48:04Z
0	2010-05-21T04:08:58Z
12242445	2010-05-14T03:02:45Z
12242445	2010-05-14T03:01:27Z
8066546	2010-05-09T22:51:21Z
6374305	2010-05-06T03:43:34Z
6374305	2010-05-06T03:42:31Z
0	2010-05-01T21:49:50Z
597345	2010-04-28T21:31:32Z
597345	2010-04-28T21:26:48Z
0	2010-04-27T00:19:21Z
0	2010-04-26T19:00:09Z
99452	2010-04-24T07:41:17Z
10996774	2010-04-23T15:35:34Z
0	2010-04-15T14:26:13Z
147354	2010-04-12T17:14:03Z
1664625	2010-04-06T11:44:13Z
84053	2010-04-05T18:51:11Z
9021902	2010-03-28T11:11:24Z
1808194	2010-03-25T03:58:36Z
597345	2010-03-24T23:02:46Z
0	2010-03-23T15:11:43Z
1808194	2010-03-22T21:09:28Z
1808194	2010-03-22T21:08:32Z
1808194	2010-03-22T21:07:10Z
9021902	2010-03-22T13:37:51Z
0	2010-03-21T13:19:29Z
0	2010-03-21T12:55:15Z
214489	2010-03-19T21:30:38Z
1011889	2010-03-17T21:30:33Z
11509378	2010-03-17T18:16:16Z
1808194	2010-03-12T17:57:12Z
1808194	2010-03-12T17:37:22Z
1808194	2010-03-08T17:19:37Z
0	2010-03-08T11:38:44Z
1808194	2010-03-07T03:32:07Z
1808194	2010-03-07T03:27:29Z
0	2010-03-06T08:34:26Z
0	2010-03-06T08:32:45Z
0	2010-03-06T08:32:20Z
218057	2010-03-03T05:56:36Z
1808194	2010-03-02T16:09:20Z
1808194	2010-03-02T16:01:07Z
0	2010-03-01T14:16:41Z
1011889	2010-02-27T17:14:33Z
0	2010-02-27T17:02:21Z
9021902	2010-02-26T17:32:59Z
364847	2010-02-22T07:10:56Z
0	2010-02-15T22:26:57Z
1011889	2010-02-13T00:05:20Z
0	2010-02-12T23:04:37Z
364847	2010-02-12T10:27:36Z
1004750	2010-02-11T23:31:43Z
11673190	2010-02-11T23:31:34Z
11673190	2010-02-11T23:30:09Z
433328	2010-01-24T17:48:21Z
1223962	2010-01-22T20:56:10Z
1741963	2010-01-21T06:51:58Z
0	2010-01-18T12:14:58Z
0	2010-01-18T12:08:17Z
1593792	2010-01-15T06:30:57Z
4373810	2010-01-14T18:21:28Z
2684294	2010-01-12T19:24:36Z
5702883	2010-01-12T15:11:45Z
5702883	2010-01-12T15:06:19Z
5702883	2010-01-12T15:04:53Z
0	2010-01-12T14:57:25Z
1593792	2010-01-09T19:52:24Z
0	2010-01-09T19:09:11Z
0	2010-01-09T19:08:42Z
597345	2010-01-09T01:47:17Z
10862492	2009-12-30T11:55:36Z
433328	2009-12-25T12:50:34Z
359256	2009-12-24T10:43:59Z
0	2009-12-23T21:38:20Z
0	2009-12-23T21:28:20Z
1862829	2009-12-21T17:50:11Z
3412883	2009-12-18T23:43:42Z
0	2009-12-18T21:06:01Z
0	2009-12-10T02:00:13Z
0	2009-12-03T15:58:25Z
0	2009-11-21T04:37:52Z
0	2009-11-21T04:32:35Z
0	2009-11-20T04:15:58Z
335429	2009-11-12T06:08:44Z
335429	2009-11-12T06:02:19Z
335429	2009-11-12T06:00:18Z
335429	2009-11-12T05:59:22Z
335429	2009-11-12T05:57:33Z
697769	2009-11-07T18:49:29Z
697769	2009-11-07T18:48:34Z
697769	2009-11-07T18:47:18Z
697769	2009-11-07T18:46:50Z
697769	2009-11-07T18:45:45Z
697769	2009-11-04T20:55:29Z
697769	2009-11-04T20:54:19Z
9711171	2009-11-04T12:35:08Z
0	2009-11-04T12:34:04Z
1079367	2009-10-29T22:52:09Z
0	2009-10-24T02:28:36Z
8574593	2009-10-20T16:29:06Z
0	2009-10-19T22:23:08Z
0	2009-10-19T22:20:31Z
0	2009-10-19T22:18:15Z
7167267	2009-10-18T17:29:24Z
0	2009-10-18T17:20:36Z
0	2009-10-17T16:35:27Z
0	2009-10-15T20:36:57Z
0	2009-10-13T23:32:22Z
0	2009-10-13T06:20:53Z
328004	2009-10-09T18:23:41Z
0	2009-10-09T18:23:30Z
328004	2009-10-09T18:22:13Z
0	2009-10-09T18:22:03Z
10562673	2009-10-09T18:20:33Z
0	2009-10-09T18:20:16Z
3412883	2009-10-08T18:29:10Z
3412883	2009-10-08T18:26:50Z
0	2009-10-08T18:24:08Z
0	2009-10-08T18:23:12Z
6479931	2009-10-08T17:01:36Z
0	2009-10-08T05:14:41Z
0	2009-10-07T20:47:34Z
0	2009-09-15T22:03:17Z
0	2009-09-15T18:07:10Z
4727333	2009-09-14T21:49:27Z
5295687	2009-09-08T16:46:13Z
0	2009-09-07T12:55:49Z
5295687	2009-09-03T17:22:00Z
5295687	2009-09-02T22:07:06Z
0	2009-09-02T17:55:23Z
0	2009-09-02T17:51:17Z
872076	2009-09-01T07:00:19Z
0	2009-08-28T16:37:19Z
0	2009-08-28T16:36:13Z
0	2009-08-27T15:57:13Z
0	2009-08-27T15:51:50Z
0	2009-08-27T15:48:54Z
0	2009-08-27T15:48:18Z
0	2009-08-27T15:47:03Z
433328	2009-08-26T18:17:42Z
0	2009-08-25T20:58:58Z
3412883	2009-08-25T15:25:29Z
433328	2009-08-24T23:33:36Z
7167267	2009-08-23T13:59:36Z
0	2009-08-23T13:59:22Z
0	2009-08-23T13:59:15Z
697769	2009-08-23T13:58:24Z
697769	2009-08-23T13:49:36Z
697769	2009-08-23T13:47:31Z
697769	2009-08-23T13:45:30Z
697769	2009-08-23T13:37:33Z
697769	2009-08-23T13:25:18Z
0	2009-08-20T18:44:06Z
0	2009-08-20T18:32:05Z
2566017	2009-08-17T20:12:32Z
597345	2009-08-17T16:47:05Z
0	2009-08-08T17:14:30Z
54304	2009-08-06T01:28:47Z
0	2009-08-04T21:00:01Z
6482379	2009-08-04T07:15:15Z
0	2009-08-03T10:32:16Z
0	2009-08-03T10:10:00Z
2145813	2009-08-01T10:47:50Z
0	2009-07-31T03:20:51Z
0	2009-07-30T01:56:59Z
0	2009-07-30T01:54:28Z
1930427	2009-07-25T22:52:42Z
0	2009-07-24T12:37:43Z
0	2009-07-24T12:35:57Z
0	2009-07-24T12:30:31Z
1664625	2009-07-21T08:37:34Z
0	2009-07-13T11:35:05Z
0	2009-06-23T06:45:22Z
5466012	2009-06-21T11:35:17Z
9903165	2009-06-14T07:53:54Z
9903165	2009-06-14T07:51:19Z
280787	2009-06-11T16:55:12Z
0	2009-06-11T14:54:36Z
0	2009-06-09T23:02:52Z
0	2009-06-02T19:48:40Z
0	2009-06-01T19:06:52Z
0	2009-06-01T18:53:44Z
0	2009-05-25T21:38:30Z
663333	2009-05-24T16:53:27Z
597345	2009-05-20T23:02:08Z
0	2009-05-20T16:33:49Z
1872772	2009-05-16T13:13:51Z
1872772	2009-05-16T13:11:07Z
429625	2009-05-13T19:49:14Z
0	2009-05-13T19:41:20Z
0	2009-05-13T07:47:40Z
1098639	2009-05-08T16:59:24Z
7469672	2009-05-08T13:08:38Z
0	2009-05-07T22:01:17Z
269523	2009-05-06T17:45:42Z
4358889	2009-05-05T02:33:33Z
0	2009-05-05T02:14:02Z
0	2009-05-03T21:49:20Z
0	2009-04-30T05:10:56Z
0	2009-04-27T21:17:08Z
0	2009-04-27T21:15:33Z
4358889	2009-04-22T16:08:51Z
4358889	2009-04-22T16:02:58Z
4358889	2009-04-22T16:00:50Z
0	2009-04-22T01:12:52Z
0	2009-04-21T14:19:12Z
0	2009-04-10T22:12:41Z
4358889	2009-04-09T03:00:06Z
4358889	2009-04-09T02:57:49Z
0	2009-04-09T01:01:56Z
0	2009-04-09T01:00:51Z
0	2009-04-06T15:47:14Z
0	2009-04-03T11:52:11Z
0	2009-03-29T04:07:30Z
0	2009-03-29T03:36:16Z
0	2009-03-15T19:00:59Z
0	2009-03-10T12:32:30Z
0	2009-02-24T12:41:12Z
0	2009-02-22T05:00:24Z
429625	2009-02-18T22:04:52Z
4197663	2009-02-17T22:37:17Z
429625	2009-02-16T15:05:33Z
4197663	2009-02-16T13:39:51Z
4197663	2009-02-16T13:36:14Z
597345	2009-02-14T00:35:51Z
0	2009-02-12T05:06:48Z
5749853	2009-02-11T10:08:57Z
597345	2009-02-11T02:20:17Z
433328	2009-02-06T06:23:35Z
3629733	2009-02-06T01:58:18Z
28804	2009-02-04T04:51:17Z
0	2009-02-04T01:31:37Z
597345	2009-02-03T02:25:46Z
0	2009-01-29T22:00:36Z
512560	2009-01-27T12:28:04Z
0	2009-01-27T11:44:29Z
5749853	2009-01-25T08:02:39Z
7531423	2009-01-25T05:49:14Z
1532155	2009-01-23T17:50:38Z
663333	2009-01-23T17:45:10Z
0	2009-01-18T07:28:17Z
28804	2009-01-11T15:54:13Z
0	2009-01-11T05:28:10Z
0	2009-01-11T00:01:02Z
8666581	2009-01-08T21:35:27Z
0	2009-01-05T08:36:16Z
842922	2009-01-02T00:10:04Z
0	2009-01-01T05:33:04Z
8460079	2008-12-15T22:08:41Z
0	2008-12-06T03:32:04Z
0	2008-12-05T22:56:53Z
0	2008-12-01T19:14:07Z
7218328	2008-11-29T10:38:24Z
0	2008-11-28T19:00:57Z
0	2008-11-26T22:40:59Z
0	2008-11-26T07:35:57Z
245620	2008-11-25T23:59:27Z
0	2008-11-25T23:49:55Z
0	2008-11-25T23:49:09Z
280787	2008-11-25T13:47:49Z
280787	2008-11-24T20:48:01Z
245620	2008-11-23T18:43:29Z
8382234	2008-11-23T17:25:22Z
280787	2008-11-12T10:12:17Z
0	2008-11-12T07:01:15Z
597345	2008-11-08T18:21:56Z
597345	2008-11-08T18:19:27Z
0	2008-11-02T16:58:13Z
293907	2008-11-01T12:04:30Z
8189905	2008-10-29T00:32:57Z
597345	2008-10-25T16:59:01Z
1079367	2008-10-23T22:27:33Z
3504197	2008-10-21T03:18:58Z
6351353	2008-10-14T12:11:07Z
8025666	2008-10-07T16:15:28Z
0	2008-10-05T18:41:02Z
663333	2008-10-03T15:44:31Z
0	2008-10-03T10:22:14Z
4358889	2008-09-29T19:55:48Z
0	2008-09-29T16:28:23Z
4469495	2008-09-25T22:01:35Z
0	2008-09-25T08:54:21Z
0	2008-09-22T04:37:36Z
0	2008-09-22T04:36:19Z
597345	2008-09-19T21:46:29Z
28804	2008-09-15T20:27:45Z
0	2008-09-15T16:48:10Z
280787	2008-09-10T19:52:19Z
4928500	2008-09-10T16:14:56Z
0	2008-09-10T16:14:53Z
0	2008-09-01T21:14:14Z
4358889	2008-09-01T03:48:39Z
0	2008-08-31T12:00:05Z
0	2008-08-30T20:14:50Z
4358889	2008-08-27T23:32:29Z
1532155	2008-08-27T19:21:14Z
597345	2008-08-27T18:56:06Z
597345	2008-08-25T15:31:17Z
597345	2008-08-25T15:30:45Z
7016748	2008-08-08T05:53:25Z
0	2008-08-06T18:08:08Z
2267812	2008-08-03T15:07:44Z
6085301	2008-08-01T17:24:11Z
3210133	2008-07-30T18:28:31Z
0	2008-07-29T12:08:07Z
0	2008-07-29T12:07:45Z
203434	2008-07-28T19:25:29Z
0	2008-07-24T02:32:30Z
2017882	2008-07-22T13:52:36Z
0	2008-07-22T13:44:55Z
6085301	2008-07-22T09:17:09Z
0	2008-07-21T01:51:18Z
0	2008-07-19T06:28:14Z
753209	2008-07-14T13:40:57Z
753209	2008-07-14T13:40:09Z
753209	2008-07-14T13:26:45Z
753209	2008-07-14T13:17:35Z
0	2008-07-13T03:04:18Z
2666389	2008-07-05T22:49:22Z
597345	2008-06-29T14:26:54Z
57108	2008-06-29T13:14:36Z
597345	2008-06-28T23:30:05Z
433328	2008-06-26T09:50:52Z
1348722	2008-06-23T18:53:32Z
1348722	2008-06-23T18:50:04Z
99452	2008-06-23T18:31:55Z
433328	2008-06-22T04:41:00Z
597345	2008-06-21T14:47:59Z
597345	2008-06-21T14:43:33Z
597345	2008-06-21T14:42:47Z
597345	2008-06-21T14:26:09Z
597345	2008-06-21T14:04:06Z
597345	2008-06-21T14:01:24Z
597345	2008-06-21T14:00:56Z
597345	2008-06-21T13:56:13Z
1348722	2008-06-19T19:29:51Z
1348722	2008-06-19T19:29:12Z
280787	2008-06-14T08:56:08Z
7132973	2008-06-10T06:39:37Z
0	2008-06-09T21:16:40Z
0	2008-06-09T00:36:45Z
6085301	2008-05-28T22:48:17Z
0	2008-05-24T11:38:58Z
597345	2008-05-17T13:45:22Z
764407	2008-05-01T02:37:24Z
7011832	2008-05-01T02:18:53Z
0	2008-04-30T18:34:35Z
0	2008-04-30T18:34:17Z
1101842	2008-04-27T19:45:42Z
28804	2008-04-20T14:44:06Z
282514	2008-04-14T03:07:18Z
0	2008-04-14T02:14:17Z
0	2008-04-05T03:19:36Z
0	2008-04-05T00:43:01Z
28804	2008-04-02T21:53:19Z
28804	2008-04-02T21:52:44Z
28804	2008-04-02T21:52:06Z
0	2008-04-02T17:58:06Z
0	2008-04-01T20:07:05Z
2118749	2008-04-01T18:58:40Z
245620	2008-04-01T18:07:23Z
0	2008-04-01T17:39:17Z
0	2008-04-01T17:38:59Z
28804	2008-04-01T03:31:40Z
0	2008-03-31T23:22:00Z
0	2008-03-31T23:19:42Z
0	2008-03-27T11:28:41Z
0	2008-03-22T19:26:58Z
0	2008-03-22T19:24:59Z
0	2008-03-21T13:09:16Z
0	2008-03-21T13:05:42Z
0	2008-03-21T13:03:48Z
0	2008-03-21T12:59:09Z
0	2008-03-14T21:42:37Z
452811	2008-03-14T12:37:51Z
0	2008-03-13T23:05:53Z
4469495	2008-03-10T21:54:45Z
2470087	2008-03-09T16:25:26Z
597345	2008-03-03T21:54:52Z
0	2008-02-22T06:17:38Z
597345	2008-02-21T18:43:39Z
28804	2008-02-19T20:38:23Z
0	2008-02-19T19:01:16Z
245620	2008-02-13T18:04:06Z
173687	2008-02-11T22:44:24Z
245620	2008-02-11T03:44:25Z
1798176	2008-02-11T03:26:06Z
28804	2008-02-09T22:28:14Z
0	2008-02-09T20:14:21Z
245620	2008-01-31T14:57:36Z
0	2008-01-31T14:13:05Z
0	2008-01-30T11:06:12Z
0	2008-01-14T23:42:39Z
2118749	2008-01-10T18:08:02Z
0	2008-01-10T17:50:59Z
0	2008-01-07T23:28:13Z
5158509	2008-01-04T07:26:34Z
5158509	2008-01-04T07:25:51Z
99452	2008-01-01T04:45:33Z
5749853	2008-01-01T03:10:04Z
414680	2007-12-31T00:12:38Z
1391607	2007-12-30T03:42:32Z
5749853	2007-12-29T03:12:04Z
0	2007-12-29T01:30:02Z
2118749	2007-12-28T13:22:13Z
0	2007-12-28T03:52:58Z
0	2007-12-24T15:03:27Z
0	2007-12-17T15:58:43Z
0	2007-12-15T03:47:43Z
5749853	2007-12-13T06:04:37Z
6001120	2007-12-13T05:56:11Z
0	2007-12-10T15:37:58Z
430100	2007-12-08T05:30:18Z
0	2007-12-08T05:29:24Z
245620	2007-12-06T01:17:13Z
0	2007-12-05T23:05:33Z
647637	2007-12-05T21:27:59Z
2118749	2007-12-05T19:57:07Z
5954037	2007-12-05T19:50:09Z
87591	2007-12-03T00:13:53Z
28804	2007-12-02T22:52:42Z
0	2007-12-01T18:28:07Z
280787	2007-11-27T00:41:37Z
2118749	2007-11-26T21:39:01Z
2118749	2007-11-26T21:25:09Z
3025866	2007-11-12T07:20:07Z
3025866	2007-11-12T07:18:16Z
93143	2007-11-08T10:17:09Z
4851336	2007-11-06T04:11:15Z
0	2007-11-02T16:23:02Z
651361	2007-11-01T19:36:52Z
99452	2007-10-26T06:45:23Z
353384	2007-10-25T18:19:45Z
93143	2007-10-21T05:41:35Z
746004	2007-10-08T20:02:24Z
746004	2007-10-08T20:01:50Z
245620	2007-10-04T01:24:00Z
0	2007-10-04T00:21:22Z
0	2007-10-03T01:06:50Z
245620	2007-09-30T04:02:04Z
245620	2007-09-27T20:02:20Z
0	2007-09-27T19:38:37Z
245620	2007-09-27T16:21:20Z
0	2007-09-27T16:18:06Z
0	2007-09-27T16:15:15Z
597345	2007-09-22T17:47:30Z
0	2007-09-17T19:14:02Z
2092344	2007-09-17T14:01:53Z
0	2007-09-17T14:01:42Z
3306055	2007-09-13T17:53:03Z
280787	2007-09-12T22:53:00Z
743015	2007-09-05T07:41:06Z
28804	2007-09-05T04:31:02Z
0	2007-09-05T03:08:13Z
0	2007-09-05T03:07:07Z
0	2007-09-05T03:05:41Z
0	2007-09-04T16:47:43Z
123004	2007-08-30T17:49:15Z
0	2007-08-28T17:14:26Z
764407	2007-08-28T00:08:51Z
245620	2007-08-27T21:21:24Z
597345	2007-08-27T21:09:30Z
0	2007-08-27T20:58:08Z
0	2007-08-27T20:52:30Z
0	2007-08-27T04:29:31Z
590561	2007-08-26T05:04:18Z
0	2007-08-23T19:35:08Z
764407	2007-08-22T12:11:24Z
0	2007-08-22T11:09:30Z
433328	2007-08-21T18:54:43Z
245620	2007-08-21T12:46:44Z
245620	2007-08-21T12:42:52Z
245620	2007-08-21T11:29:58Z
0	2007-08-21T11:24:14Z
0	2007-08-21T11:23:19Z
0	2007-08-21T11:22:09Z
0	2007-08-21T11:20:00Z
0	2007-08-21T11:18:27Z
395740	2007-08-21T10:06:37Z
0	2007-08-21T10:05:20Z
0	2007-08-21T10:04:32Z
0	2007-08-21T10:03:36Z
0	2007-08-15T13:22:45Z
282514	2007-08-11T06:06:06Z
4994178	2007-08-11T04:16:30Z
4994178	2007-08-11T04:15:46Z
4994178	2007-08-11T04:12:56Z
0	2007-08-04T03:18:57Z
1098639	2007-08-02T21:31:02Z
590561	2007-08-02T02:54:34Z
0	2007-08-01T19:14:02Z
0	2007-07-25T02:52:39Z
282514	2007-07-24T02:36:20Z
282514	2007-07-23T18:10:18Z
764407	2007-07-20T00:47:37Z
0	2007-07-19T23:04:03Z
1420542	2007-07-16T23:45:39Z
0	2007-07-14T00:24:37Z
641682	2007-07-02T19:38:02Z
3711531	2007-06-21T16:11:26Z
0	2007-06-21T16:06:26Z
0	2007-06-20T07:27:08Z
560417	2007-06-18T08:30:20Z
665350	2007-06-12T04:59:41Z
0	2007-06-12T04:58:15Z
99452	2007-06-11T16:18:25Z
28804	2007-06-09T18:35:11Z
0	2007-06-09T18:13:45Z
4005189	2007-06-07T02:22:27Z
0	2007-06-06T18:48:19Z
0	2007-06-03T03:56:48Z
0	2007-06-03T03:45:49Z
433328	2007-06-01T12:11:55Z
0	2007-06-01T05:21:38Z
0	2007-06-01T05:21:10Z
0	2007-06-01T05:16:48Z
235918	2007-05-26T16:01:52Z
590561	2007-05-21T10:09:01Z
590561	2007-05-19T12:34:26Z
0	2007-05-19T04:38:03Z
19833	2007-05-18T06:03:17Z
2301520	2007-05-17T15:53:35Z
2301520	2007-05-17T15:52:55Z
2301520	2007-05-17T15:52:34Z
2301520	2007-05-17T15:51:33Z
2301520	2007-05-17T15:50:52Z
279485	2007-05-15T03:19:22Z
279485	2007-05-15T03:18:51Z
206257	2007-04-24T15:03:09Z
1062376	2007-04-23T05:10:18Z
4129068	2007-04-15T10:37:29Z
0	2007-04-13T07:28:24Z
2654847	2007-04-10T09:57:55Z
0	2007-04-10T09:57:48Z
0	2007-04-09T00:47:22Z
87591	2007-04-07T19:48:29Z
0	2007-03-31T18:15:48Z
126931	2007-03-31T13:54:40Z
0	2007-03-31T09:33:06Z
0	2007-03-31T09:32:41Z
0	2007-03-27T14:50:46Z
0	2007-03-24T11:36:27Z
1215485	2007-03-21T23:49:15Z
0	2007-03-21T16:04:49Z
0	2007-03-21T15:58:42Z
355045	2007-03-21T13:43:07Z
374152	2007-03-21T12:44:20Z
1721308	2007-03-19T20:15:51Z
590561	2007-03-19T08:48:00Z
0	2007-03-15T02:50:29Z
2257297	2007-03-10T19:54:02Z
2257297	2007-03-10T19:32:26Z
0	2007-03-08T19:30:46Z
3335058	2007-03-07T19:20:44Z
0	2007-03-07T19:20:37Z
0	2007-03-07T19:19:55Z
0	2007-03-07T19:19:19Z
0	2007-03-07T04:51:53Z
1721308	2007-03-03T21:32:56Z
2510599	2007-02-20T00:07:16Z
2118749	2007-02-05T20:32:34Z
0	2007-02-05T08:09:00Z
1532155	2007-02-01T19:24:47Z
1428175	2007-02-01T19:03:00Z
2118749	2007-02-01T16:41:17Z
512560	2007-02-01T12:01:30Z
245620	2007-02-01T05:57:18Z
245620	2007-02-01T05:56:01Z
1428175	2007-02-01T05:39:39Z
245620	2007-01-25T20:19:58Z
2118749	2007-01-25T18:45:45Z
1532155	2007-01-25T17:19:03Z
2118749	2007-01-25T12:38:00Z
2118749	2007-01-24T19:18:42Z
0	2007-01-24T10:54:27Z
1428175	2007-01-24T04:43:41Z
1532155	2007-01-23T22:08:03Z
2118749	2007-01-23T21:51:11Z
1428175	2007-01-23T21:04:37Z
1428175	2007-01-23T21:04:10Z
2118749	2007-01-22T23:35:00Z
0	2007-01-22T22:04:25Z
245620	2007-01-22T03:20:28Z
0	2007-01-22T03:12:49Z
245620	2007-01-20T02:31:14Z
0	2007-01-20T02:16:35Z
0	2007-01-20T02:15:29Z
0	2007-01-20T02:14:03Z
0	2007-01-20T02:11:56Z
0	2007-01-20T02:11:09Z
0	2007-01-20T02:10:18Z
0	2007-01-20T02:10:02Z
0	2007-01-20T02:09:07Z
0	2007-01-20T02:08:10Z
0	2007-01-20T02:06:57Z
245620	2007-01-19T07:23:39Z
0	2007-01-19T04:27:57Z
0	2007-01-19T01:02:47Z
525735	2007-01-18T12:44:23Z
525735	2007-01-18T12:43:25Z
525735	2007-01-18T12:41:29Z
245620	2007-01-17T09:14:59Z
1317777	2007-01-17T08:07:53Z
3196654	2007-01-16T00:52:54Z
1215485	2007-01-14T00:57:30Z
7104	2007-01-09T00:50:30Z
245620	2007-01-05T03:23:01Z
0	2007-01-05T01:50:15Z
0	2007-01-05T01:41:00Z
0	2007-01-05T01:38:58Z
0	2006-12-27T11:09:21Z
1687596	2006-12-26T07:04:33Z
20551	2006-12-20T17:44:36Z
460372	2006-12-20T15:52:41Z
2118749	2006-12-20T12:38:46Z
0	2006-12-20T12:25:37Z
0	2006-12-17T19:36:20Z
2796964	2006-12-16T22:48:26Z
0	2006-12-15T13:58:30Z
0	2006-12-15T13:58:15Z
1766566	2006-12-14T00:01:35Z
1766566	2006-12-13T23:23:20Z
0	2006-12-12T16:12:54Z
338065	2006-12-10T18:39:09Z
2118749	2006-12-08T14:37:38Z
2118749	2006-12-07T01:46:20Z
597345	2006-12-07T01:19:30Z
597345	2006-12-06T14:41:46Z
597345	2006-12-06T14:40:01Z
2118749	2006-12-05T12:41:10Z
99452	2006-12-02T20:28:38Z
0	2006-11-13T15:08:31Z
0	2006-11-13T13:15:16Z
87591	2006-11-07T22:50:52Z
0	2006-11-07T22:47:28Z
0	2006-11-07T22:46:14Z
0	2006-11-07T22:45:33Z
83813	2006-11-04T21:34:05Z
705758	2006-11-04T16:20:52Z
1240290	2006-11-01T15:15:49Z
143601	2006-10-23T00:36:57Z
0	2006-10-15T16:22:04Z
0	2006-10-12T08:34:09Z
597345	2006-10-06T22:58:52Z
1135068	2006-10-05T23:22:50Z
0	2006-10-05T16:46:23Z
0	2006-10-04T16:06:04Z
0	2006-10-01T18:01:14Z
2368466	2006-10-01T04:58:57Z
293907	2006-09-27T21:13:35Z
87591	2006-09-24T05:34:06Z
0	2006-09-24T05:16:54Z
0	2006-09-23T11:30:56Z
0	2006-09-23T06:32:35Z
0	2006-09-23T04:43:14Z
0	2006-09-23T04:42:46Z
0	2006-09-21T20:04:17Z
293907	2006-09-15T18:25:08Z
293907	2006-09-15T18:03:57Z
245620	2006-09-13T16:54:39Z
0	2006-09-13T02:15:45Z
1739346	2006-09-11T17:27:37Z
597345	2006-09-06T11:18:46Z
597345	2006-09-06T11:17:48Z
217058	2006-09-05T20:08:05Z
2133059	2006-09-05T19:19:59Z
91901	2006-09-04T02:46:16Z
475878	2006-09-02T23:47:57Z
1428175	2006-09-01T22:52:47Z
1428175	2006-09-01T22:42:47Z
597345	2006-09-01T21:09:37Z
2133059	2006-09-01T19:28:22Z
597345	2006-08-31T17:17:10Z
28804	2006-08-29T19:07:00Z
1532155	2006-08-29T18:59:27Z
0	2006-08-29T16:49:15Z
87591	2006-08-29T03:59:16Z
0	2006-08-29T01:46:02Z
242252	2006-08-24T14:35:26Z
0	2006-08-24T14:10:51Z
0	2006-08-24T14:09:41Z
87591	2006-08-23T03:38:24Z
87591	2006-08-23T03:36:20Z
87591	2006-08-23T03:34:58Z
0	2006-08-23T03:28:06Z
0	2006-08-23T03:25:20Z
0	2006-08-23T03:16:17Z
0	2006-08-23T03:11:07Z
597345	2006-08-20T22:31:29Z
597345	2006-08-20T22:27:05Z
93622	2006-08-20T16:22:36Z
0	2006-08-17T22:24:10Z
99452	2006-08-11T21:24:07Z
321521	2006-08-08T21:10:04Z
333399	2006-08-07T20:31:57Z
915483	2006-08-07T02:13:26Z
915483	2006-08-07T02:06:46Z
245620	2006-08-06T22:30:02Z
245620	2006-08-06T22:24:38Z
245620	2006-08-06T22:18:53Z
245620	2006-08-06T21:58:21Z
245620	2006-08-06T21:53:23Z
597345	2006-08-06T21:32:15Z
597345	2006-08-06T21:31:07Z
217058	2006-08-06T20:14:54Z
245620	2006-08-06T20:05:17Z
280787	2006-08-06T19:43:49Z
743725	2006-08-06T19:17:32Z
217058	2006-08-06T18:47:44Z
743725	2006-08-05T18:51:13Z
0	2006-08-05T18:37:17Z
215517	2006-08-03T20:14:58Z
215517	2006-08-03T20:14:31Z
82031	2006-07-31T18:24:10Z
82031	2006-07-31T18:23:43Z
242252	2006-07-30T02:21:23Z
245620	2006-07-24T20:56:33Z
0	2006-07-24T20:50:05Z
0	2006-07-24T20:49:37Z
0	2006-07-24T15:44:07Z
0	2006-07-21T18:26:07Z
0	2006-07-21T18:25:12Z
0	2006-07-21T18:22:17Z
0	2006-07-21T18:20:22Z
24744	2006-07-07T14:36:49Z
0	2006-06-21T22:43:27Z
0	2006-06-20T21:20:18Z
0	2006-06-19T21:18:34Z
217058	2006-06-18T12:11:52Z
242252	2006-06-14T16:44:24Z
0	2006-06-13T08:37:51Z
764407	2006-06-08T00:23:49Z
0	2006-06-08T00:00:40Z
0	2006-06-07T03:44:08Z
0	2006-06-07T03:43:20Z
245620	2006-05-29T23:59:35Z
0	2006-05-29T23:45:16Z
87591	2006-05-29T12:32:58Z
1215485	2006-05-29T07:46:22Z
206257	2006-05-23T15:41:04Z
82835	2006-05-16T19:13:02Z
245620	2006-05-07T00:48:20Z
124595	2006-05-06T23:59:34Z
245620	2006-04-19T23:41:09Z
245620	2006-04-19T23:39:36Z
180201	2006-04-19T21:21:18Z
226595	2006-04-13T01:03:00Z
119459	2006-04-07T19:38:09Z
527862	2006-04-03T18:53:13Z
0	2006-03-31T01:01:02Z
6511	2006-03-29T06:21:13Z
398111	2006-03-29T03:01:01Z
398111	2006-03-29T03:00:44Z
610275	2006-03-26T03:38:37Z
0	2006-03-22T20:24:21Z
0	2006-03-22T20:23:18Z
0	2006-03-22T20:22:43Z
0	2006-03-22T20:22:07Z
0	2006-03-22T20:19:28Z
0	2006-03-22T20:16:41Z
0	2006-03-22T20:15:49Z
1059511	2006-03-20T04:12:16Z
1059511	2006-03-20T04:10:05Z
1059511	2006-03-20T04:09:14Z
0	2006-03-12T21:08:35Z
0	2006-03-12T21:07:34Z
0	2006-02-23T09:32:31Z
0	2006-02-23T09:29:28Z
0	2006-02-23T09:26:24Z
217058	2006-02-20T22:16:45Z
217058	2006-02-20T16:41:23Z
245620	2006-02-11T00:54:03Z
21916	2006-02-09T15:02:57Z
124595	2006-02-09T10:53:48Z
217058	2006-02-06T09:22:16Z
217058	2006-02-06T09:19:28Z
217058	2006-02-06T09:15:32Z
217058	2006-02-06T09:11:38Z
0	2006-02-03T21:02:37Z
217058	2006-02-03T08:40:49Z
13884	2006-02-03T04:02:44Z
87591	2006-02-02T21:54:08Z
137392	2006-02-02T19:35:23Z
217058	2006-02-01T12:21:23Z
108192	2006-01-26T06:05:43Z
0	2006-01-23T16:58:10Z
108192	2006-01-18T10:18:25Z
108192	2006-01-18T09:48:25Z
0	2006-01-06T23:14:47Z
245620	2005-12-28T06:41:42Z
0	2005-12-28T05:16:02Z
398111	2005-12-26T20:45:18Z
245620	2005-12-25T02:16:08Z
398111	2005-12-24T17:57:53Z
217058	2005-12-21T08:56:44Z
217058	2005-12-21T08:55:51Z
217058	2005-12-20T09:34:13Z
217058	2005-12-20T09:31:43Z
51235	2005-12-15T09:32:15Z
99452	2005-12-15T06:05:59Z
217058	2005-12-12T08:49:09Z
245620	2005-12-12T03:41:01Z
0	2005-12-10T17:37:22Z
217058	2005-11-30T08:42:09Z
217058	2005-11-29T13:41:29Z
217058	2005-11-29T13:40:30Z
0	2005-11-28T23:46:31Z
0	2005-11-23T17:30:03Z
0	2005-11-21T04:28:33Z
245620	2005-11-20T00:49:52Z
99452	2005-11-19T23:19:36Z
245620	2005-11-18T01:08:00Z
398111	2005-11-16T06:09:33Z
0	2005-11-13T10:22:44Z
94806	2005-11-13T04:40:08Z
0	2005-11-13T04:38:04Z
0	2005-11-13T04:36:54Z
0	2005-11-12T07:38:45Z
0	2005-11-12T07:37:25Z
217058	2005-11-10T08:17:07Z
217058	2005-11-10T08:15:51Z
217058	2005-11-09T20:12:21Z
87591	2005-11-08T05:13:23Z
135177	2005-11-03T22:22:34Z
217058	2005-10-27T13:16:13Z
217058	2005-10-27T13:13:40Z
217058	2005-10-27T13:12:54Z
217058	2005-10-27T13:05:54Z
217058	2005-10-27T13:05:08Z
217058	2005-10-27T13:03:50Z
217058	2005-10-27T13:03:31Z
217058	2005-10-27T13:01:13Z
9475	2005-10-20T17:12:18Z
217058	2005-10-17T19:08:57Z
217058	2005-10-17T19:08:04Z
217058	2005-10-17T19:07:33Z
217058	2005-10-10T08:33:45Z
0	2005-10-08T06:22:24Z
0	2005-10-07T21:42:15Z
82835	2005-10-01T15:50:06Z
82835	2005-10-01T15:38:35Z
217058	2005-09-23T12:12:15Z
217058	2005-09-23T09:39:51Z
217058	2005-09-23T09:36:33Z
0	2005-08-27T20:59:09Z
217058	2005-08-24T08:08:59Z
139849	2005-08-23T22:32:42Z
139849	2005-08-23T22:31:56Z
0	2005-08-12T16:47:22Z
171487	2005-08-11T14:39:58Z
87591	2005-08-07T16:22:46Z
33352	2005-08-06T16:29:48Z
33352	2005-08-05T22:58:52Z
28804	2005-08-02T05:29:32Z
0	2005-08-01T15:36:07Z
5861	2005-07-25T15:06:39Z
124595	2005-07-25T14:41:47Z
0	2005-07-22T21:03:07Z
87591	2005-07-21T06:39:10Z
0	2005-07-18T16:03:35Z
239606	2005-07-17T10:47:43Z
0	2005-07-16T20:32:36Z
0	2005-07-16T09:35:22Z
0	2005-07-15T23:29:26Z
0	2005-07-15T23:28:52Z
23958	2005-07-13T06:29:26Z
23958	2005-07-13T06:29:02Z
0	2005-07-10T20:39:05Z
217058	2005-07-10T08:06:31Z
307408	2005-07-09T22:33:54Z
34224	2005-06-30T21:43:40Z
217058	2005-06-28T09:32:24Z
217058	2005-06-28T09:31:16Z
186578	2005-06-26T22:39:43Z
0	2005-06-26T19:45:42Z
73851	2005-06-21T15:07:47Z
217058	2005-06-21T11:33:43Z
217058	2005-06-21T11:32:33Z
217058	2005-06-21T11:31:53Z
217058	2005-06-20T12:50:00Z
191641	2005-06-08T02:57:43Z
217058	2005-06-06T08:17:08Z
0	2005-06-06T03:54:43Z
217058	2005-06-04T13:35:03Z
73851	2005-06-02T08:26:14Z
217058	2005-06-02T08:16:56Z
73851	2005-06-02T08:00:11Z
73851	2005-06-02T07:54:08Z
0	2005-06-02T06:48:41Z
129927	2005-06-01T06:08:40Z
217058	2005-05-30T06:21:36Z
28804	2005-05-29T00:37:06Z
87591	2005-05-29T00:27:03Z
0	2005-05-28T23:38:51Z
0	2005-05-28T23:37:00Z
217058	2005-05-23T06:14:08Z
87591	2005-05-23T00:45:26Z
275164	2005-05-22T21:32:22Z
275164	2005-05-22T21:27:52Z
28804	2005-05-17T05:58:35Z
0	2005-05-17T05:22:30Z
217058	2005-05-13T06:56:16Z
217058	2005-05-08T13:04:33Z
87591	2005-05-02T23:06:52Z
29210	2005-04-25T10:36:06Z
73851	2005-04-19T06:50:45Z
71825	2005-04-18T22:47:04Z
237170	2005-04-14T18:39:48Z
0	2005-03-28T01:21:58Z
112114	2005-03-13T07:06:23Z
73328	2005-03-12T02:56:51Z
150564	2005-03-12T02:40:51Z
182902	2005-03-02T00:55:12Z
124595	2005-02-27T10:37:47Z
149178	2005-02-24T16:47:37Z
0	2005-02-24T10:57:01Z
149178	2005-02-23T10:07:17Z
41612	2005-02-09T00:47:37Z
0	2005-02-09T00:41:38Z
149178	2005-02-08T08:23:54Z
149178	2005-02-07T22:13:10Z
149178	2005-02-07T22:12:10Z
149178	2005-02-07T22:11:10Z
149178	2005-02-07T15:22:50Z
149178	2005-02-04T13:37:22Z
149178	2005-02-04T09:46:25Z
149178	2005-02-04T09:45:37Z
149178	2005-02-04T09:44:50Z
149178	2005-02-04T09:22:56Z
163840	2005-02-02T10:57:57Z
11672	2005-01-24T07:28:06Z
28804	2005-01-18T13:19:05Z
0	2005-01-17T21:20:03Z
107440	2005-01-06T08:07:19Z
31082	2004-12-26T12:13:06Z
31082	2004-12-26T12:10:40Z
31082	2004-12-26T12:06:56Z
37831	2004-12-26T11:54:25Z
149178	2004-12-21T14:08:34Z
149178	2004-12-21T14:07:11Z
149178	2004-12-21T14:06:03Z
4181	2004-12-14T06:25:21Z
139849	2004-12-14T02:24:33Z
73851	2004-11-04T22:28:18Z
49312	2004-10-17T19:45:50Z
0	2004-10-17T13:11:47Z
0	2004-09-29T17:34:46Z
29210	2004-09-21T06:19:07Z
29210	2004-09-21T06:18:33Z
73851	2004-09-16T02:21:32Z
30200	2004-08-16T23:41:52Z
49312	2004-08-13T18:15:19Z
85853	2004-07-15T21:56:01Z
85853	2004-07-15T21:54:05Z
49312	2004-07-14T19:12:28Z
0	2004-07-14T05:39:59Z
85853	2004-07-14T03:34:27Z
49312	2004-07-08T09:15:48Z
49312	2004-07-08T07:16:07Z
73851	2004-06-28T20:41:12Z
41995	2004-06-28T19:24:45Z
81520	2004-06-22T23:45:48Z
0	2004-06-11T22:02:42Z
0	2004-06-11T02:47:52Z
0	2004-06-05T02:53:32Z
0	2004-06-04T07:49:46Z
0	2004-06-03T06:56:23Z
0	2004-05-23T18:13:29Z
28804	2004-04-11T03:18:12Z
47828	2004-04-10T22:39:55Z
66	2004-04-07T03:43:12Z
5403	2004-01-01T14:10:57Z
29210	2003-12-15T23:46:38Z
29210	2003-12-15T23:42:49Z
29210	2003-12-15T23:42:24Z
26195	2003-11-27T02:17:15Z
26195	2003-11-26T03:23:32Z
28804	2003-11-22T18:46:39Z
13800	2003-06-26T01:59:43Z
13800	2003-06-26T01:58:54Z
0	2003-06-26T01:50:51Z
0	2003-06-11T18:47:43Z
0	2003-02-07T22:03:11Z
0	2002-02-25T15:51:15Z
10188636	2001-06-15T17:16:54Z
